Patient_ID,Full_Name,Age,Gender,Contact,Branch_ID,Doctor_ID,Specialty_ID,Admission_Date,Discharge_Date,Total_Cost,Insurance_Covered,Out_of_Pocket
PAT0001,Allison Hill,82,Male,218.196.0013,HB001,DOC036,SP004,2024-02-01,2024-02-03,34481.58,28802.73,5678.85
PAT0002,Alyssa Gonzalez,12,Other,+1-863-794-0265x4235,HB014,DOC005,SP001,2023-10-23,,13167.72,8706.64,
PAT0003,Brent Abbott,72,Male,+1-407-816-1849x593,HB018,DOC054,SP004,2025-02-02,2025-02-07,40852.66,12415.09,28437.57
PAT0004,Matthew Mejia,21,Other,316-475-2553,HB014,DOC044,SP005,2025-01-06,2025-01-12,6906.09,3646.11,3259.98
PAT0005,Timothy Wong,46,Female,+1-283-276-4835x030,HB020,DOC034,SP001,2025-04-21,2025-04-30,7991.66,6819.9,1171.76
PAT0006,Derek Clark,11,Other,001-537-672-4238,HB010,DOC047,SP010,2024-09-26,2024-09-28,4199.57,1834.12,2365.45
PAT0007,Kevin Hurst,38,Male,(532)871-0122x6916,HB008,DOC013,SP007,2024-05-27,2024-06-02,9807.4,5032.79,4774.61
PAT0008,Julie King,86,Female,+1-018-451-4627,HB003,DOC022,SP009,2023-08-07,2023-08-10,24188.49,11174.33,13014.16
PAT0009,Sherri Baker,82,Other,281.489.3252x88095,HB018,DOC029,SP011,2024-08-18,2024-08-19,12994.31,4148.57,8845.74
PAT0010,Timothy Koch,41,Female,303-911-7182x2782,HB009,DOC009,SP004,2024-02-26,2024-03-07,44065.65,21539.59,22526.06
PAT0011,Lisa Brandt,84,Female,+1-346-578-7133,HB013,DOC059,SP003,2023-09-23,2023-09-27,37759.47,23538.74,14220.73
PAT0012,Kevin Hall,75,Female,010.310.5183,HB019,DOC052,SP006,2024-03-08,2024-03-11,26457.26,9380.31,17076.95
PAT0013,Cindy Anderson,7,Male,001-973-763-1165,HB005,DOC021,SP011,2024-06-29,2024-07-01,20468.83,13458.93,7009.9
PAT0014,Scott Brown,60,Other,+1-106-513-3387x2624,HB009,DOC071,SP001,2024-07-29,2024-07-31,34722.1,21603.47,13118.63
PAT0015,Thomas Ramos,35,Other,+1-108-013-2677,HB011,DOC015,SP005,2024-01-18,2024-01-26,2155.78,1580.74,575.04
PAT0016,Stephanie Martin,34,Other,6474687234,HB006,DOC065,SP002,2024-01-21,2024-01-26,42400.13,25635.02,16765.11
PAT0017,Lauren Daniels,26,Male,001-500-978-8208x1219,HB012,DOC021,SP009,2023-09-26,2023-10-05,46087.69,30388.69,15699
PAT0018,Cynthia Wilson,63,Male,001-399-091-6998,HB004,DOC047,SP005,2024-04-06,2024-04-10,44144.46,38324.88,5819.58
PAT0019,Christina Moran,11,Other,462.475.1079,HB016,DOC009,SP009,2024-10-15,2024-10-18,33668.04,29227.54,4440.5
PAT0020,Angel Lewis MD,22,Female,(135)427-8498x084,HB017,DOC055,SP004,2025-07-28,2025-08-01,36221.55,19537.74,16683.81
PAT0021,Teresa Taylor,86,Other,182-449-3534,HB012,DOC057,SP009,2024-08-31,2024-09-04,12785.47,6429.19,6356.28
PAT0022,Taylor Mathis Jr.,76,Other,(400)524-2786x80112,HB008,DOC029,SP001,2024-10-01,,32292.94,14123.8,
PAT0023,Jacob Tran,5,Female,(204)505-3315x86923,HB003,DOC066,SP004,2025-06-06,2025-06-14,12283.37,4660.15,7623.22
PAT0024,Robert Thompson,74,Other,(025)634-2160x73375,HB016,DOC032,SP008,2024-03-29,2024-04-02,6527.64,4539.25,1988.39
PAT0025,Shelby Walker,46,Female,+1-365-414-5868x50142,HB014,DOC060,SP001,2024-10-28,2024-10-30,4909.41,3617.88,1291.53
PAT0026,Deborah Rodriguez,14,Male,(556)981-6934x06088,HB007,DOC025,SP009,2025-01-19,2025-01-26,10807.43,6242.12,4565.31
PAT0027,Natalie Lambert,10,Female,(615)951-4846x564,HB018,DOC013,SP001,2024-10-08,2024-10-17,42129.32,37132.69,4996.63
PAT0028,Jason Bentley,31,Male,+1-299-468-0443x69957,HB014,DOC063,SP008,2024-07-13,2024-07-20,45317.26,18071.72,27245.54
PAT0029,Daniel Kennedy,1,Female,001-214-895-1343x3200,HB009,DOC059,SP005,2024-02-11,2024-02-20,33769.82,19991.83,13777.99
PAT0030,Miss Patricia Gibson,25,Female,+1-936-763-2016x3287,HB007,DOC008,SP010,2023-09-13,2023-09-14,37902.83,12670.88,25231.95
PAT0031,Sylvia Martinez,75,Female,(788)957-9868,HB017,DOC068,SP003,2024-07-16,,26375.77,21385.62,
PAT0032,Natasha Wells,9,Other,348-734-7143x455,HB003,DOC031,SP007,2025-06-28,2025-07-08,13818.34,9074.66,4743.68
PAT0033,Brenda Hall,80,Male,001-231-665-8760x366,HB014,DOC075,SP010,2025-07-07,2025-07-12,11804.44,8613.88,3190.56
PAT0034,Theresa Smith,31,Female,001-967-054-6688x93734,HB013,DOC017,SP011,2024-07-08,2024-07-16,17176.51,12901.6,4274.91
PAT0035,Mr. Michael Yates,10,Male,001-272-980-6990x1627,HB015,DOC073,SP002,2023-12-24,,12231.41,5615.69,
PAT0036,James Lewis,45,Male,564-641-7080x53100,HB008,DOC048,SP005,2024-02-13,2024-02-22,35769.92,23858.77,11911.15
PAT0037,Alex Hernandez,84,Other,(719)374-5299,HB001,DOC071,SP005,2025-03-07,2025-03-09,47068.64,17913.13,29155.51
PAT0038,Paula Martin,15,Male,190-496-6319x3149,HB018,DOC020,SP005,2025-04-21,2025-04-25,36445.38,15385.72,21059.66
PAT0039,William Patton,82,Female,(865)185-0671x657,HB017,DOC063,SP005,2025-02-04,2025-02-05,6430.33,3563.34,2866.99
PAT0040,Christopher Boyd,36,Male,+1-498-776-9453x1473,HB001,DOC043,SP003,2025-03-09,2025-03-14,9755.93,5513.09,4242.84
PAT0041,Leonard Gray,55,Other,7527354549,HB001,DOC015,SP002,2025-01-30,2025-02-02,28188.33,22572,5616.33
PAT0042,Kristi Black,75,Other,136.783.7770,HB005,DOC056,SP003,2023-10-16,,19503.27,16769.94,
PAT0043,Jared Sanchez,6,Female,+1-957-885-6855x74443,HB007,DOC032,SP011,2023-11-06,2023-11-15,44438.47,24166.81,20271.66
PAT0044,Emily Newton,80,Other,001-233-749-8941x34352,HB005,DOC031,SP003,2024-03-26,2024-03-29,44307.98,13951.33,30356.65
PAT0045,Joseph Hill,43,Female,8427109477,HB008,DOC035,SP003,2024-07-12,2024-07-14,20362,6581.71,13780.29
PAT0046,Vincent King,61,Male,116.719.0229x4131,HB007,DOC059,SP006,2024-10-11,2024-10-15,12700.33,8839.68,3860.65
PAT0047,Lisa Gibbs,52,Female,867.749.6499,HB009,DOC009,SP005,2023-09-20,2023-09-29,21184.56,18826.5,2358.06
PAT0048,Natalie Meza,69,Female,341.232.8120,HB001,DOC015,SP005,2024-06-17,2024-06-22,3836.35,2524.1,1312.25
PAT0049,Kirk Carter,45,Other,447.134.9361,HB011,DOC056,SP010,2024-09-30,2024-10-02,20489.38,13235.17,7254.21
PAT0050,Chase Baker,33,Male,(102)499-4717,HB014,DOC001,SP009,2025-01-20,2025-01-29,34969.14,30218.86,4750.28
PAT0051,James Nelson,86,Male,+1-771-906-5940,HB012,DOC056,SP002,2023-10-14,2023-10-20,31911.46,22275.24,9636.22
PAT0052,Michael Valencia,16,Other,001-049-027-8742,HB010,DOC065,SP005,2024-11-01,2024-11-07,21315.22,10175.74,11139.48
PAT0053,Robert Costa,17,Male,565.512.5674x6807,HB014,DOC049,SP011,2023-10-12,2023-10-15,31544.72,15159.44,16385.28
PAT0054,Frank Cordova,71,Male,(808)760-3859x7703,HB010,DOC037,SP004,2024-02-28,2024-03-09,31119.76,15352.92,15766.84
PAT0055,Tanya Kim,57,Female,001-710-932-4808x613,HB007,DOC066,SP008,2025-05-19,2025-05-22,33624.84,15812.82,17812.02
PAT0056,Julia Wilson,85,Other,(748)467-7378,HB020,DOC043,SP002,2023-11-25,2023-11-29,34294.19,14910.58,19383.61
PAT0057,Thomas Romero,26,Male,(146)584-0449,HB001,DOC006,SP004,2024-10-28,2024-11-07,42787.41,14705.9,28081.51
PAT0058,Mrs. Brittany Ryan MD,54,Other,+1-867-533-9636,HB019,DOC025,SP007,2023-09-07,2023-09-11,9083.42,6472.6,2610.82
PAT0059,John Mcintyre,14,Female,(627)028-9517x1870,HB008,DOC023,SP009,2025-02-16,2025-02-25,13961.52,11294.89,2666.63
PAT0060,Seth Booker,59,Male,745-961-5865,HB015,DOC068,SP009,2024-12-03,2024-12-11,31407.31,22976.47,8430.84
PAT0061,Olivia Brennan,65,Female,9134316117,HB018,DOC058,SP003,2023-12-12,2023-12-20,23603.35,17727.68,5875.67
PAT0062,Stephanie Williams,82,Female,4556238692,HB017,DOC063,SP011,2023-12-15,2023-12-23,5719.2,2696.24,3022.96
PAT0063,Leon Reyes,35,Female,+1-379-237-4740x74821,HB011,DOC070,SP002,2024-07-13,2024-07-17,20385.69,7984.73,12400.96
PAT0064,Victoria Evans,28,Male,(474)367-1369x59440,HB014,DOC053,SP006,2025-05-10,2025-05-17,4988.75,3989.68,999.07
PAT0065,Denise Knight,50,Other,+1-097-439-5339x42104,HB001,DOC074,SP007,2025-04-08,2025-04-14,16333.41,8721.91,7611.5
PAT0066,Kevin Oconnor,54,Other,456-232-8588,HB018,DOC029,SP008,2025-07-14,2025-07-21,25310.82,13498.62,11812.2
PAT0067,Christopher Sloan,86,Other,451.712.3685x1604,HB013,DOC022,SP008,2024-09-24,2024-10-04,27637.93,23330.76,4307.17
PAT0068,Jacob Curry,76,Other,965-137-0985x931,HB001,DOC011,SP011,2024-12-10,2024-12-18,10722.99,4890.69,5832.3
PAT0069,Susan Turner,42,Male,(120)047-1138x26758,HB015,DOC042,SP006,2024-06-25,2024-07-02,15356.32,13371.09,1985.23
PAT0070,Molly Mcclure,54,Female,+1-179-640-5377x3515,HB003,DOC061,SP001,2024-09-30,2024-10-01,49995.58,25496.56,24499.02
PAT0071,Maria Brown,84,Male,317-139-0053x293,HB002,DOC004,SP004,2023-09-27,2023-09-28,31824.11,14102.12,17721.99
PAT0072,Kristen Willis,61,Other,529.042.2842,HB004,DOC073,SP004,2023-10-29,2023-11-03,38811.11,15550.58,23260.53
PAT0073,Allison Smith,78,Other,950.240.2681,HB004,DOC021,SP005,2025-03-06,2025-03-07,46586.58,30070.61,16515.97
PAT0074,Jerome Cox,49,Female,001-178-390-8470,HB007,DOC010,SP010,2023-09-21,2023-09-25,6891.26,5261.4,1629.86
PAT0075,Dr. Jessica Rodriguez DDS,88,Other,115.921.2499x856,HB004,DOC073,SP001,2024-11-11,2024-11-18,33753.02,11522.4,22230.62
PAT0076,Jody Jacobs,83,Female,183-673-6576,HB001,DOC054,SP008,2024-06-23,2024-06-29,32508.09,25916.24,6591.85
PAT0077,Emily Edwards,20,Female,527-111-1615x280,HB006,DOC067,SP011,2024-11-02,2024-11-11,39182.79,22683.87,16498.92
PAT0078,Kristina Santiago,76,Female,(560)494-5198x32731,HB011,DOC032,SP002,2024-05-02,2024-05-10,13705.45,7933.06,5772.39
PAT0079,Holly Farmer,79,Other,001-368-998-0940,HB013,DOC044,SP001,2023-12-23,2023-12-29,10728.31,4583.91,6144.4
PAT0080,Phillip Dorsey,34,Female,(022)961-2018x366,HB009,DOC036,SP009,2024-07-22,,47507,16692.43,
PAT0081,Jacob Griffith,53,Female,001-991-022-9014x76797,HB018,DOC031,SP008,2024-06-21,2024-06-29,23512.38,7296.97,16215.41
PAT0082,Paul Wilson,38,Male,(149)784-0369x00343,HB013,DOC032,SP005,2025-03-23,2025-03-29,24716.5,15288.47,9428.03
PAT0083,David Murphy,55,Other,7622683885,HB018,DOC043,SP006,2023-09-29,2023-10-04,16717.9,7327.84,9390.06
PAT0084,Patrick Graham,25,Female,159.696.6416x052,HB004,DOC069,SP003,2025-04-18,2025-04-26,15271.98,9984.09,5287.89
PAT0085,Julia Norris,68,Other,(161)369-6816x453,HB010,DOC013,SP004,2024-04-19,2024-04-25,10613.19,3274.05,7339.14
PAT0086,Angela Schultz,69,Male,835.523.1243x29212,HB009,DOC006,SP001,2025-03-27,2025-03-30,32617.74,24517.95,8099.79
PAT0087,Julie Elliott,14,Male,001-799-552-7177,HB019,DOC037,SP008,2024-12-07,2024-12-13,10849.46,3589.28,7260.18
PAT0088,Donald Brown,62,Male,147.700.5411x99867,HB003,DOC052,SP008,2024-10-28,,32213.39,10700.18,
PAT0089,Rebecca Huang,20,Other,935.978.2071x518,HB010,DOC011,SP004,2024-12-18,2024-12-25,31103.25,24087.74,7015.51
PAT0090,David Kim,29,Other,889.255.4665x905,HB013,DOC058,SP008,2023-09-25,2023-10-05,49521.5,23930.18,25591.32
PAT0091,Justin Hughes,80,Male,925-192-5462x914,HB020,DOC013,SP004,2024-10-12,2024-10-17,33700.55,13285.91,20414.64
PAT0092,Rickey Li,23,Other,+1-816-850-5423x57332,HB003,DOC021,SP001,2023-12-03,2023-12-13,24555.8,7847.64,16708.16
PAT0093,Ryan Garcia,37,Other,001-880-592-9622x29270,HB010,DOC059,SP002,2024-06-19,2024-06-24,39815.75,26877.02,12938.73
PAT0094,Nathan Montes,85,Male,+1-473-834-7359x774,HB014,DOC015,SP009,2025-03-31,2025-04-03,45603.75,36299.61,9304.14
PAT0095,Joseph Burch,10,Male,924.075.8181,HB006,DOC040,SP010,2024-03-13,2024-03-23,46217.24,26043.05,20174.19
PAT0096,Christopher Cole,60,Other,261.375.0606x85361,HB010,DOC052,SP005,2024-05-22,2024-05-30,23012.43,15161.1,7851.33
PAT0097,Fernando Garcia,56,Other,001-522-047-2779x010,HB011,DOC033,SP001,2024-02-19,,48171.73,38613.26,
PAT0098,Chase Bentley,74,Other,+1-861-434-1036x971,HB001,DOC035,SP010,2023-10-30,,38300.9,22302.63,
PAT0099,Kathryn Herrera,84,Female,+1-893-246-0953x9621,HB009,DOC024,SP010,2024-09-14,2024-09-22,48514.65,28235.83,20278.82
PAT0100,Andrea Fox,53,Female,880.670.6540x51531,HB011,DOC014,SP003,2025-03-26,2025-04-03,15834.45,13730.31,2104.14
PAT0101,Nicole Anderson,71,Male,(852)772-2170x430,HB015,DOC012,SP006,2025-04-10,2025-04-12,48568.87,26348.86,22220.01
PAT0102,Andrew Mahoney,66,Male,687.403.4505x41566,HB018,DOC060,SP007,2025-03-04,,26885.09,18109.27,
PAT0103,Tyler Morgan,64,Other,(775)841-6169,HB015,DOC007,SP004,2025-05-04,2025-05-07,46528.29,26189.36,20338.93
PAT0104,Edward Garcia,90,Female,447-962-7570x59640,HB004,DOC004,SP011,2023-10-02,2023-10-06,36069.58,17546.05,18523.53
PAT0105,Jennifer Palmer,2,Other,001-202-970-2135x5690,HB014,DOC012,SP004,2024-11-16,2024-11-18,24149.5,8946.9,15202.6
PAT0106,Jerry Watson,20,Female,192.856.5431x027,HB010,DOC066,SP005,2024-09-10,2024-09-18,49051.74,21888.78,27162.96
PAT0107,Justin Green,71,Male,739-473-1217x271,HB013,DOC025,SP010,2025-04-25,2025-04-28,43473.29,20247.62,23225.67
PAT0108,Sarah Flores,54,Female,(188)442-2583x132,HB017,DOC035,SP001,2024-02-04,2024-02-09,42198.84,27342.91,14855.93
PAT0109,Allison Spencer,85,Female,(782)911-4678x669,HB005,DOC058,SP009,2023-10-01,2023-10-07,28492.04,17837.67,10654.37
PAT0110,Evan Jones,59,Female,852.892.2680x182,HB007,DOC031,SP010,2024-03-28,2024-04-04,4095.07,3058.29,1036.78
PAT0111,Frank Fletcher,49,Female,(841)438-4249x818,HB005,DOC064,SP001,2024-12-14,2024-12-24,17935.75,6460.79,11474.96
PAT0112,Todd Moore,57,Male,+1-995-900-1094x39690,HB017,DOC059,SP001,2024-08-25,2024-09-01,43804.78,38634.68,5170.1
PAT0113,Kimberly May,10,Female,736-471-0276x7735,HB009,DOC044,SP010,2024-11-18,2024-11-20,42884.73,34796.88,8087.85
PAT0114,Scott Flores,69,Female,(625)881-5371x473,HB011,DOC063,SP009,2023-11-22,,5284.2,3586.37,
PAT0115,Dylan Cruz,37,Male,+1-632-595-3278x774,HB003,DOC056,SP002,2024-08-25,2024-08-27,23296.57,16689.68,6606.89
PAT0116,Tony Wagner,4,Male,395.004.7974,HB011,DOC008,SP005,2024-09-24,2024-10-01,8987.35,5560.47,3426.88
PAT0117,Brian Anderson,73,Other,565-060-9835x841,HB006,DOC022,SP003,2024-05-31,,43800.3,29426.19,
PAT0118,Pamela Ramirez,31,Female,+1-912-165-5852x398,HB019,DOC019,SP004,2024-06-11,2024-06-16,24059.38,16844.08,7215.3
PAT0119,Amber Taylor,60,Female,787-298-2595x26949,HB018,DOC021,SP002,2024-04-22,2024-04-28,49407.28,23690.42,25716.86
PAT0120,Katrina Burns,55,Other,001-470-551-6940,HB009,DOC059,SP005,2024-11-10,2024-11-17,42960.1,15637.13,27322.97
PAT0121,Walter Patton,49,Other,001-993-097-2896x23091,HB012,DOC074,SP005,2023-12-31,2024-01-05,3053.1,2436.44,616.66
PAT0122,Erik Hernandez,51,Female,001-368-970-2838x578,HB001,DOC073,SP011,2024-05-23,2024-05-24,45709.61,34149.8,11559.81
PAT0123,Christopher Barr,37,Male,854-973-3484x34437,HB020,DOC046,SP004,2024-04-07,2024-04-17,14030.09,10569.52,3460.57
PAT0124,Justin Michael,85,Other,001-441-986-6524x0415,HB005,DOC013,SP011,2025-07-22,2025-07-27,39853.3,12753.8,27099.5
PAT0125,David Mendoza,47,Other,848.421.9933,HB005,DOC012,SP005,2023-09-13,2023-09-20,10430.72,3956.33,6474.39
PAT0126,Kiara Little,70,Female,1657120826,HB017,DOC065,SP005,2024-12-24,2024-12-29,45874.35,39750.71,6123.64
PAT0127,Sherry Woods,38,Other,454.019.3802,HB011,DOC015,SP008,2024-06-24,2024-06-27,38199.27,16630.77,21568.5
PAT0128,Casey Gillespie,87,Other,(724)004-9915x4788,HB013,DOC072,SP006,2024-08-22,,20939.58,9604.46,
PAT0129,Brandi Gordon,16,Female,315-274-2054x932,HB012,DOC034,SP010,2024-11-21,2024-11-27,7200.61,3170.38,4030.23
PAT0130,Stephanie Wilcox,4,Other,516.122.7530x46374,HB018,DOC042,SP010,2024-04-17,2024-04-19,32499.39,18802.86,13696.53
PAT0131,Nathan Smith,90,Female,+1-530-174-2684x1459,HB014,DOC015,SP003,2024-01-23,,3786.18,3398.31,
PAT0132,Casey Hernandez,15,Male,001-956-878-3391x8785,HB008,DOC069,SP003,2023-10-04,2023-10-10,34183.34,25496.81,8686.53
PAT0133,Ashley Poole,70,Female,398.225.8713x97187,HB019,DOC020,SP007,2025-04-24,2025-05-02,31551.31,27242.41,4308.9
PAT0134,Carlos Perry,36,Male,001-087-406-4039,HB012,DOC028,SP008,2023-09-30,2023-10-04,43061.61,15485.51,27576.1
PAT0135,Gregory Brown,88,Female,1704622656,HB018,DOC046,SP001,2024-07-18,2024-07-22,48473.93,42143.55,6330.38
PAT0136,Susan Bennett,59,Male,+1-825-128-6823x00478,HB007,DOC003,SP001,2024-06-29,2024-07-03,49463.4,38194.99,11268.41
PAT0137,Samantha Wright,27,Male,(243)106-9033x119,HB018,DOC027,SP010,2023-08-31,2023-09-04,17770.86,6904.56,10866.3
PAT0138,Michael Brennan,77,Male,067.383.0284,HB009,DOC019,SP003,2024-02-02,2024-02-05,7276.46,5965.74,1310.72
PAT0139,Monique Flores,17,Male,+1-534-283-6440x892,HB012,DOC031,SP010,2024-12-03,2024-12-06,14737.64,5542.17,9195.47
PAT0140,Kristi Williams,54,Other,(685)662-4628x733,HB004,DOC009,SP008,2024-03-25,2024-03-31,26635.42,9733.45,16901.97
PAT0141,Brianna Ford,65,Male,8668826343,HB020,DOC006,SP011,2024-04-17,2024-04-25,32880.35,10478.65,22401.7
PAT0142,Tammy Boone,62,Female,830-469-9013,HB014,DOC014,SP008,2025-04-20,2025-04-28,5527.55,1926.21,3601.34
PAT0143,Misty Hansen,78,Male,354.033.1739x3638,HB003,DOC017,SP005,2024-04-10,2024-04-20,28321.11,14022.1,14299.01
PAT0144,Jamie Ferguson,77,Other,(445)877-1753x556,HB010,DOC059,SP009,2023-09-09,2023-09-11,40068.61,14771.23,25297.38
PAT0145,Connie Thomas,84,Other,899-642-3536x937,HB018,DOC028,SP007,2024-10-05,2024-10-09,21863.05,17412.86,4450.19
PAT0146,Melinda Scott,52,Female,772.522.8728x0801,HB004,DOC041,SP007,2025-05-01,2025-05-06,19966.45,7818.53,12147.92
PAT0147,Pamela Gutierrez,61,Male,+1-312-038-7509x9770,HB003,DOC011,SP002,2023-08-10,2023-08-16,40964.93,25964.49,15000.44
PAT0148,Jennifer Smith,76,Other,001-484-086-2118x2339,HB018,DOC043,SP011,2024-09-16,2024-09-22,43933.15,37988.02,5945.13
PAT0149,Hector Norton,55,Other,567-933-4101,HB002,DOC037,SP010,2024-06-14,2024-06-16,29740.09,12718.15,17021.94
PAT0150,Juan Brown,85,Female,2176591803,HB008,DOC014,SP006,2024-01-16,2024-01-22,7514.5,3510.33,4004.17
PAT0151,Melissa Knight,29,Female,014-890-2503x926,HB018,DOC072,SP001,2025-07-26,2025-07-31,3389.75,1572.72,1817.03
PAT0152,Christopher Allen,40,Female,(856)218-5016x3159,HB012,DOC001,SP003,2025-03-24,2025-04-03,33552.54,11466.62,22085.92
PAT0153,Linda Novak,82,Male,047-735-8662x96194,HB003,DOC068,SP004,2025-04-15,2025-04-23,18363.01,9586.08,8776.93
PAT0154,Benjamin Adams,42,Other,(265)511-0475x4121,HB020,DOC011,SP001,2023-12-28,2024-01-07,4388.6,1531.4,2857.2
PAT0155,Justin Hunt,57,Other,015-819-9560,HB014,DOC063,SP010,2024-03-18,2024-03-23,12347.31,7499.85,4847.46
PAT0156,Richard Hardy,45,Female,+1-398-262-2444,HB004,DOC037,SP011,2024-08-22,2024-08-30,27292.84,13238.44,14054.4
PAT0157,Christopher Hill,29,Female,715-437-9937x1240,HB020,DOC008,SP001,2024-06-07,2024-06-11,38832.78,29454.53,9378.25
PAT0158,Manuel Brock,38,Female,756-924-5937x52654,HB004,DOC001,SP008,2025-02-25,2025-02-28,8200.91,5080.87,3120.04
PAT0159,Katherine Johnston,30,Other,564.651.9398,HB018,DOC046,SP002,2023-12-22,2023-12-23,22938.54,13209.22,9729.32
PAT0160,Krista Benton,10,Female,374.167.2434x266,HB019,DOC055,SP010,2023-10-01,2023-10-08,15896.73,8632.23,7264.5
PAT0161,Kyle Aguilar,42,Male,+1-868-058-9113,HB020,DOC059,SP006,2024-12-27,,42535.25,18970.29,
PAT0162,Carol Salazar,76,Female,001-656-101-4388,HB017,DOC011,SP007,2024-10-11,2024-10-17,12635.46,9697.35,2938.11
PAT0163,Laura Griffin,10,Other,(798)250-7146x1125,HB004,DOC068,SP009,2024-04-03,2024-04-09,18852.79,16494.95,2357.84
PAT0164,Richard Boyd,83,Male,(717)751-4010x512,HB008,DOC014,SP003,2025-07-27,2025-07-30,30915.15,23375.85,7539.3
PAT0165,Mrs. Carrie Moore,84,Male,+1-673-622-6609,HB006,DOC064,SP008,2025-06-20,2025-06-30,23547.45,20121.12,3426.33
PAT0166,Kevin Price,73,Other,001-334-191-8255x371,HB020,DOC042,SP011,2024-02-24,2024-03-03,5277.74,2983.64,2294.1
PAT0167,Katherine Church,39,Female,969-691-5579x24991,HB019,DOC008,SP006,2025-01-08,2025-01-13,24163.64,7794.33,16369.31
PAT0168,Bruce Torres,48,Female,(528)669-2966,HB003,DOC012,SP010,2023-12-27,2024-01-03,24210.16,15315.1,8895.06
PAT0169,Mr. Thomas Arias,6,Female,(827)422-5790,HB019,DOC025,SP006,2025-06-07,2025-06-16,9241.33,3115.48,6125.85
PAT0170,Adam Taylor,14,Female,(887)676-7721x9034,HB003,DOC065,SP011,2023-08-30,2023-09-03,35965.84,32174.74,3791.1
PAT0171,Joshua Jackson,68,Other,978.819.1485x807,HB020,DOC021,SP006,2024-10-02,2024-10-07,20595.99,15749.32,4846.67
PAT0172,Jeffery Fitzgerald,87,Other,+1-340-745-1713x3959,HB002,DOC043,SP002,2024-12-08,2024-12-17,34562.21,16261.11,18301.1
PAT0173,Luis Glover,85,Other,095.849.8254,HB005,DOC043,SP002,2024-03-16,2024-03-19,46003.83,22364.26,23639.57
PAT0174,Tiffany Robertson,84,Other,+1-126-042-2325x36729,HB013,DOC017,SP010,2024-12-08,2024-12-10,16859.93,8868.45,7991.48
PAT0175,Jason Hayes,43,Male,+1-168-457-7590x1751,HB017,DOC012,SP011,2025-04-14,2025-04-23,19367.75,10023.95,9343.8
PAT0176,Claudia Jordan,24,Male,745.458.9297,HB011,DOC063,SP004,2025-04-08,2025-04-11,9437.37,4506.11,4931.26
PAT0177,Michael Williams,13,Other,701-277-0632,HB018,DOC068,SP001,2025-06-20,2025-06-30,8290.35,4360.99,3929.36
PAT0178,Caitlin Cantu,21,Male,154-152-0643x611,HB020,DOC022,SP008,2023-08-05,,19486.37,14259.18,
PAT0179,Blake Wheeler,57,Other,700.516.2713x61115,HB010,DOC058,SP004,2024-05-16,2024-05-21,48348.64,37258.53,11090.11
PAT0180,Breanna Ayala,25,Female,001-221-890-9275x32697,HB019,DOC057,SP008,2025-06-02,2025-06-09,26139.52,14408.01,11731.51
PAT0181,Steven Taylor,21,Male,965-652-3413,HB020,DOC018,SP005,2024-10-07,,25068.35,13103.91,
PAT0182,Michelle Mitchell,14,Other,001-043-898-3640x376,HB017,DOC016,SP005,2023-10-31,,9694.99,5522.18,
PAT0183,Mark Jones,66,Male,5526965827,HB014,DOC012,SP004,2025-03-25,2025-03-31,46662.65,25614.91,21047.74
PAT0184,Kevin Smith,51,Other,006.848.6661,HB012,DOC031,SP007,2024-12-14,2024-12-20,12777.86,6276.62,6501.24
PAT0185,Lisa Ramirez,13,Other,183-285-6914x6303,HB011,DOC019,SP003,2023-10-10,,46035.02,26860.19,
PAT0186,Audrey Salazar,18,Other,4210202758,HB016,DOC058,SP010,2024-09-09,,5802.84,2631.9,
PAT0187,Michelle Jackson,20,Other,(410)564-8149,HB020,DOC068,SP007,2024-12-04,2024-12-09,13406.73,5002.17,8404.56
PAT0188,Jesse Ward,31,Female,925.241.9138x0003,HB020,DOC059,SP002,2023-09-09,2023-09-17,30643.47,9495.22,21148.25
PAT0189,James Hernandez,66,Other,8635365419,HB008,DOC019,SP005,2024-05-20,2024-05-30,18935.17,12163.92,6771.25
PAT0190,Michael Williams,24,Other,806.174.4518,HB003,DOC068,SP006,2024-07-24,,27250.85,16470.32,
PAT0191,Curtis Elliott,65,Other,937-597-3832x0603,HB001,DOC050,SP008,2024-09-28,,20570.3,10778.46,
PAT0192,Ryan Wiley,3,Female,064-138-3670x24103,HB003,DOC045,SP004,2025-07-01,2025-07-03,39032.07,28927.14,10104.93
PAT0193,Jennifer Huang,43,Male,191.826.1990x623,HB002,DOC046,SP009,2024-03-18,2024-03-21,41858.42,29753.36,12105.06
PAT0194,Ethan Owen,90,Female,001-557-431-3291x212,HB006,DOC018,SP002,2024-07-19,2024-07-27,3775.22,1589.2,2186.02
PAT0195,Jason Herrera,26,Male,001-374-741-1249x03521,HB011,DOC040,SP009,2025-02-07,2025-02-16,24723.19,7960.19,16763
PAT0196,Henry Palmer,83,Male,+1-442-067-8831x71210,HB010,DOC046,SP001,2023-09-21,2023-09-27,15114.4,11783.27,3331.13
PAT0197,Vickie Anderson,56,Female,(519)941-0137x2151,HB015,DOC050,SP006,2023-09-07,2023-09-15,35219.29,18328.41,16890.88
PAT0198,Amber Glass,67,Female,(670)662-5324x47209,HB003,DOC055,SP002,2024-11-27,2024-11-30,28182.77,13886.41,14296.36
PAT0199,Maria Porter,11,Female,+1-701-462-6383,HB010,DOC040,SP008,2024-12-06,2024-12-13,9998.95,5662.86,4336.09
PAT0200,Kimberly Smith MD,58,Male,001-578-759-8564x205,HB012,DOC056,SP005,2024-11-10,2024-11-11,5601.98,3823.39,1778.59
PAT0201,Steven Osborne,47,Other,7859321334,HB006,DOC004,SP003,2024-09-22,2024-09-30,3670.35,1249.17,2421.18
PAT0202,Sylvia Brown,83,Female,965.223.9559,HB012,DOC050,SP010,2023-08-26,,9365.03,5337.63,
PAT0203,Heather Bradley,48,Female,(937)842-7010,HB015,DOC010,SP010,2024-02-01,2024-02-07,21105.63,14557.32,6548.31
PAT0204,Alicia Woods,32,Male,932-525-0029x21851,HB001,DOC024,SP008,2024-05-21,2024-05-30,7652.53,5854.02,1798.51
PAT0205,Mary Willis,58,Male,452-267-5289x53926,HB020,DOC037,SP008,2024-03-30,2024-04-02,42935.66,24525.95,18409.71
PAT0206,Elizabeth Thompson,57,Male,9690295939,HB011,DOC045,SP002,2023-10-24,2023-10-29,44783.92,36311.57,8472.35
PAT0207,Brenda Mcgee,90,Other,552.157.0433,HB006,DOC047,SP009,2025-01-24,2025-01-28,40019.15,17690.13,22329.02
PAT0208,David Rodriguez,64,Male,0676267658,HB012,DOC071,SP010,2024-05-22,2024-05-31,8229.02,6834.6,1394.42
PAT0209,John Shields,9,Female,+1-327-104-0541x1526,HB013,DOC062,SP009,2023-12-07,2023-12-14,41520.29,14293.38,27226.91
PAT0210,Kimberly Villanueva,41,Other,599-706-2962,HB003,DOC058,SP008,2023-09-15,2023-09-21,8160.06,6507.09,1652.97
PAT0211,Daniel Lee,71,Other,001-884-443-1069x872,HB019,DOC024,SP003,2023-09-16,2023-09-17,41906.76,25599.22,16307.54
PAT0212,Jeffrey Phillips,39,Male,+1-973-103-2417x14677,HB006,DOC042,SP004,2025-06-30,2025-07-09,44956.44,36305.03,8651.41
PAT0213,Anna Stephens,33,Male,(565)270-4774,HB018,DOC036,SP003,2024-01-27,2024-02-06,27606.95,16606.79,11000.16
PAT0214,Kristy Hernandez,22,Other,001-115-869-3806x868,HB019,DOC020,SP003,2025-01-19,2025-01-29,18205.74,15554.22,2651.52
PAT0215,Karen Keith,6,Male,416.089.8992x1722,HB003,DOC006,SP011,2024-01-16,2024-01-21,33254.24,25279.06,7975.18
PAT0216,Beth Henderson,54,Other,+1-632-945-1168x68548,HB001,DOC064,SP011,2024-07-25,2024-07-30,25181.35,19712.29,5469.06
PAT0217,Alexandria Graves,88,Female,001-861-622-9991,HB010,DOC059,SP002,2025-07-23,2025-07-26,23101.06,13642.35,9458.71
PAT0218,Richard Floyd,27,Female,+1-564-679-9702,HB020,DOC019,SP006,2024-03-05,2024-03-11,37241.59,30406.51,6835.08
PAT0219,Luke Becker,52,Male,(065)307-4505x4447,HB012,DOC066,SP009,2025-06-01,2025-06-05,24390.68,11231.49,13159.19
PAT0220,Annette Melton,32,Male,(475)469-1373,HB004,DOC007,SP005,2025-07-14,2025-07-24,22070.47,19369.3,2701.17
PAT0221,Natalie Malone,21,Female,(082)148-6289x023,HB019,DOC041,SP004,2025-06-14,2025-06-22,49806.53,28892.22,20914.31
PAT0222,Sara Wright,40,Female,053.457.8610x357,HB001,DOC012,SP007,2024-11-08,2024-11-12,12326.93,6308.15,6018.78
PAT0223,Tyler Wells,7,Female,+1-552-414-0602,HB016,DOC061,SP005,2025-05-29,2025-05-31,22684.53,18816.22,3868.31
PAT0224,Traci Vincent,47,Female,+1-334-680-0722x9034,HB012,DOC006,SP007,2024-11-19,,28967.21,14990.94,
PAT0225,Elizabeth Rasmussen,37,Male,+1-466-574-3748x9691,HB013,DOC065,SP008,2023-08-10,2023-08-15,41614.94,28046.18,13568.76
PAT0226,Mary Bridges,79,Male,(899)441-7154x544,HB005,DOC013,SP007,2024-12-26,2025-01-01,28775.93,14945.18,13830.75
PAT0227,Stephanie Evans,19,Male,(830)965-2074,HB020,DOC066,SP007,2024-02-22,2024-02-23,3867.87,2816.41,1051.46
PAT0228,Jennifer Doyle,61,Other,001-935-387-5842,HB015,DOC020,SP010,2025-05-18,2025-05-21,17742.36,11849.07,5893.29
PAT0229,Kristin Carter,21,Female,248.251.3534x6554,HB020,DOC039,SP010,2024-11-01,2024-11-10,27552.31,19982.14,7570.17
PAT0230,Samuel Ruiz,39,Female,+1-999-173-8168x4602,HB001,DOC048,SP006,2023-11-19,2023-11-26,30017.7,23355.36,6662.34
PAT0231,Grace Benitez DVM,89,Other,252.175.2500x743,HB001,DOC061,SP005,2025-03-18,2025-03-28,29726.45,21784.73,7941.72
PAT0232,Laura Moore,75,Female,001-129-666-6760x08350,HB006,DOC068,SP011,2025-06-27,2025-07-04,9093.23,6441.97,2651.26
PAT0233,Roy Lee,5,Other,+1-033-542-1689x42104,HB004,DOC025,SP001,2024-03-17,2024-03-24,9268.7,6620.63,2648.07
PAT0234,Joseph Warren,53,Other,(257)532-6033x23098,HB020,DOC061,SP001,2023-12-14,2023-12-23,11952.4,5916.79,6035.61
PAT0235,Michael Conner,85,Female,(489)090-1001x6761,HB017,DOC049,SP006,2024-10-03,2024-10-11,45781.96,23138.03,22643.93
PAT0236,Michael Harris,46,Other,+1-046-184-9926x18914,HB009,DOC062,SP004,2023-11-01,2023-11-06,28788.16,12520.55,16267.61
PAT0237,Kathleen Lynch,39,Female,001-483-564-2087x37530,HB007,DOC063,SP006,2023-08-14,2023-08-23,46817.62,36388.68,10428.94
PAT0238,Susan Conley,36,Female,+1-721-811-4374x47012,HB004,DOC074,SP011,2025-06-13,2025-06-20,41282.12,36029.6,5252.52
PAT0239,Dylan Solis,19,Female,611-002-2557x94155,HB002,DOC037,SP002,2023-12-25,2024-01-02,33486.66,25061.52,8425.14
PAT0240,James Bryant,28,Male,(762)120-2169x7972,HB018,DOC035,SP009,2024-11-21,2024-11-24,7242.88,5392.57,1850.31
PAT0241,Ian Johnson,31,Male,+1-277-167-0145x08993,HB002,DOC068,SP004,2025-01-06,2025-01-07,6809.5,3392.33,3417.17
PAT0242,Kelly Watts,61,Male,+1-163-756-2890x028,HB005,DOC001,SP009,2025-05-25,2025-05-28,21531.56,18539.09,2992.47
PAT0243,Jon Martin,61,Female,001-753-540-8386x63177,HB007,DOC037,SP006,2025-04-18,2025-04-19,45580.97,16120.91,29460.06
PAT0244,Anita Jimenez,74,Male,170-166-0880x19948,HB018,DOC005,SP003,2024-10-14,2024-10-17,46828.29,15069.53,31758.76
PAT0245,Michael Clements,51,Female,(037)589-9757x113,HB006,DOC038,SP001,2023-08-06,,29262.17,10662.56,
PAT0246,Ronald Brandt,43,Female,885-102-7261x4933,HB015,DOC070,SP009,2023-11-06,2023-11-09,42850.87,24888.32,17962.55
PAT0247,Jenna Bryant,25,Male,516.091.7798,HB011,DOC021,SP008,2023-11-17,2023-11-20,2676.04,1344.09,1331.95
PAT0248,April Fitzgerald,38,Other,+1-697-829-2216,HB007,DOC023,SP010,2024-12-27,2025-01-03,41695.51,25399.59,16295.92
PAT0249,Sonya Gordon,12,Female,(693)465-4722x6984,HB004,DOC024,SP003,2025-05-20,2025-05-24,2327.85,1234.1,1093.75
PAT0250,Shannon Joseph,58,Female,+1-333-945-2288,HB011,DOC039,SP010,2025-01-25,2025-01-26,14554.55,7506.24,7048.31
PAT0251,Michelle Hodges,31,Male,+1-799-684-6081,HB004,DOC060,SP005,2023-08-24,2023-09-02,46309.09,38560.69,7748.4
PAT0252,Anthony Brown,40,Other,244-204-3805x719,HB004,DOC038,SP006,2025-06-09,2025-06-13,47953.31,28144.24,19809.07
PAT0253,Kristina Walker,59,Other,+1-863-840-6665x8004,HB020,DOC048,SP007,2024-01-09,2024-01-17,38352.83,29961.12,8391.71
PAT0254,Priscilla Berg,28,Male,598.933.4721,HB020,DOC011,SP009,2023-12-28,2024-01-03,5748.93,3670.7,2078.23
PAT0255,Nancy Wilson,8,Other,6484229405,HB017,DOC026,SP010,2024-08-01,2024-08-04,17749.65,10866.42,6883.23
PAT0256,Brittney Hernandez,15,Other,909-479-8515x83281,HB007,DOC075,SP008,2025-04-06,,26498.02,20806.65,
PAT0257,Jennifer Herrera,59,Male,533-555-4398,HB017,DOC054,SP008,2024-08-07,2024-08-16,24194.16,18971.83,5222.33
PAT0258,Samantha Zavala MD,3,Female,+1-573-993-0561x64840,HB009,DOC001,SP004,2025-07-12,2025-07-13,22337.47,16088.14,6249.33
PAT0259,Patricia Robertson,70,Male,770.435.8112x88013,HB003,DOC061,SP001,2025-01-06,2025-01-09,38910.66,29552.51,9358.15
PAT0260,Christy Jennings,83,Female,386-120-7501,HB012,DOC049,SP008,2023-09-30,2023-10-07,20030.99,14214.76,5816.23
PAT0261,Robert Grant,85,Other,001-346-676-6506,HB005,DOC045,SP002,2025-01-08,2025-01-17,20866.81,7854.44,13012.37
PAT0262,Aaron Cortez,29,Male,901-581-4491,HB001,DOC039,SP008,2024-03-10,2024-03-19,22358.15,11795.4,10562.75
PAT0263,Jessica Foster,30,Male,+1-072-832-6842x45088,HB015,DOC045,SP003,2023-11-22,2023-11-24,3546.43,2468.74,1077.69
PAT0264,Aaron Carlson,79,Male,+1-814-353-6822,HB008,DOC027,SP002,2023-12-25,2023-12-26,23429.17,16475.72,6953.45
PAT0265,Ruben Lee,7,Male,(908)781-4141,HB002,DOC052,SP008,2024-01-05,2024-01-09,38210.51,29255.43,8955.08
PAT0266,Katelyn Rivera,18,Other,(314)913-5775,HB010,DOC030,SP010,2024-11-25,2024-12-05,39081.83,30914.88,8166.95
PAT0267,Melissa Hernandez,31,Female,001-556-205-3364,HB005,DOC067,SP004,2025-05-18,2025-05-23,4925.97,4281.22,644.75
PAT0268,Michael Rivera,23,Other,775.478.1291x4283,HB014,DOC072,SP008,2024-02-25,,18531.91,12712.7,
PAT0269,Lori Luna,49,Other,8099693084,HB011,DOC054,SP007,2024-09-30,2024-10-07,10826.19,6742.09,4084.1
PAT0270,Kimberly Valdez,31,Male,(563)942-7881,HB010,DOC019,SP008,2024-06-08,2024-06-17,21808.52,11992.61,9815.91
PAT0271,Adam Allen,68,Male,+1-282-722-9927x503,HB013,DOC032,SP005,2025-03-18,2025-03-20,46266.85,37396.57,8870.28
PAT0272,Arthur Wood Jr.,12,Other,856.770.0518,HB007,DOC007,SP005,2024-12-09,2024-12-19,30940.26,25500.1,5440.16
PAT0273,Sandy Baker,25,Other,+1-926-659-1846,HB018,DOC028,SP008,2025-07-09,2025-07-15,16553.03,13993.87,2559.16
PAT0274,Jared Roth,28,Male,(779)082-7231x843,HB004,DOC062,SP004,2023-11-29,2023-12-03,21038.34,9332.58,11705.76
PAT0275,Jack Love,42,Female,365-177-7392,HB013,DOC060,SP009,2024-12-19,2024-12-24,14554.96,8844.9,5710.06
PAT0276,Alison Williams,64,Female,001-922-809-2024,HB004,DOC061,SP006,2025-07-21,2025-07-27,17020.26,5572.93,11447.33
PAT0277,Tyler Greene,29,Other,001-041-379-7723,HB005,DOC003,SP005,2025-05-10,2025-05-20,29798.86,16405.67,13393.19
PAT0278,Charles Aguilar,20,Male,001-298-425-7991x36621,HB011,DOC030,SP007,2023-08-17,2023-08-21,25966.47,17988.66,7977.81
PAT0279,Scott Gordon,88,Female,(291)279-9088x11729,HB009,DOC063,SP011,2024-09-26,2024-10-04,10075.22,7828.3,2246.92
PAT0280,Stephanie Hampton,22,Male,+1-686-508-6376x5991,HB018,DOC063,SP003,2024-06-30,2024-07-09,49535.53,43311,6224.53
PAT0281,John Hall,68,Male,498-643-0098,HB003,DOC007,SP001,2023-11-04,2023-11-08,5262.46,2055.61,3206.85
PAT0282,Jaime Harris,28,Other,651-269-4486x95946,HB015,DOC048,SP001,2025-03-13,2025-03-23,45812.07,31865.53,13946.54
PAT0283,Juan Grant,3,Male,(588)744-9562,HB018,DOC071,SP007,2025-05-30,,27412.05,12742.34,
PAT0284,Barbara Hall,37,Male,001-213-865-8902x601,HB017,DOC056,SP003,2025-05-05,2025-05-07,27170.5,12079.5,15091
PAT0285,Timothy Graham,80,Other,435-190-6698,HB009,DOC046,SP005,2024-03-14,2024-03-16,19906.48,10821.49,9084.99
PAT0286,Linda Bautista,73,Male,(770)384-3098,HB008,DOC039,SP011,2024-09-08,2024-09-10,33379.31,27201.85,6177.46
PAT0287,Lisa Craig,5,Male,(302)146-5669x380,HB013,DOC049,SP007,2025-02-27,2025-02-28,32563.91,23501.6,9062.31
PAT0288,Tamara Dunn,11,Female,001-895-543-9376x9042,HB014,DOC043,SP010,2024-06-16,2024-06-18,44949.98,38274.52,6675.46
PAT0289,Kristin Gordon,30,Male,184-894-7697x35779,HB019,DOC061,SP005,2025-06-04,,5568.71,4763.2,
PAT0290,Brian Jones,70,Other,+1-335-658-8043x4165,HB002,DOC023,SP006,2023-10-03,,11943.59,4616.38,
PAT0291,Cassandra Edwards,51,Male,942.373.3343,HB010,DOC021,SP010,2024-01-30,2024-02-06,34497.68,21538.19,12959.49
PAT0292,David Montgomery,50,Other,(111)790-8075,HB005,DOC011,SP009,2024-11-29,2024-12-05,4577.43,2573.67,2003.76
PAT0293,Steven Ibarra,10,Female,001-472-846-3920,HB020,DOC051,SP006,2024-09-16,,15119.7,13540.47,
PAT0294,Karen Fernandez,63,Male,562.718.7500x36915,HB012,DOC071,SP007,2024-05-11,2024-05-21,33712.25,11847.04,21865.21
PAT0295,Debbie Dunn,80,Female,479.552.7636,HB008,DOC010,SP002,2025-01-30,2025-02-06,36160.5,24601.45,11559.05
PAT0296,Holly Morales,50,Female,292.931.4386x632,HB012,DOC014,SP002,2025-04-17,,16796.84,8666.34,
PAT0297,Brittany Shaffer,35,Male,(672)885-7448,HB005,DOC012,SP003,2025-06-01,2025-06-10,28627.52,15597.03,13030.49
PAT0298,Jennifer Vaughn,4,Male,3471754558,HB012,DOC071,SP002,2024-10-11,2024-10-17,43458.47,13359.32,30099.15
PAT0299,Deanna Smith,53,Female,593-998-2455,HB003,DOC072,SP004,2025-01-08,2025-01-11,34895.17,14017.43,20877.74
PAT0300,Patricia Griffin,35,Female,694-722-5699,HB009,DOC064,SP003,2024-06-14,,22864.46,12636.3,
PAT0301,Andrea Martin,62,Male,554.496.4759,HB012,DOC033,SP004,2024-09-12,2024-09-20,30502.71,12729.66,17773.05
PAT0302,Jennifer White,14,Male,2341326111,HB010,DOC001,SP007,2025-08-01,2025-08-11,20234.72,16538.22,3696.5
PAT0303,Kimberly Johnson,57,Female,(811)492-1643x3472,HB014,DOC018,SP005,2023-11-14,2023-11-18,24992.47,10161.5,14830.97
PAT0304,Carolyn Johnson,51,Female,(577)848-7282x997,HB010,DOC063,SP010,2024-12-07,2024-12-13,20050.65,15837.94,4212.71
PAT0305,Sherry Graham,51,Female,+1-845-783-1745x6424,HB004,DOC073,SP004,2023-08-13,2023-08-22,10636.51,8089.82,2546.69
PAT0306,Robert Charles,4,Other,(478)077-4064x930,HB015,DOC027,SP008,2024-10-03,2024-10-05,41310.35,32114.42,9195.93
PAT0307,Jason Castro,53,Other,(326)634-1638x9448,HB016,DOC018,SP011,2025-04-24,2025-04-29,33615.82,24510.7,9105.12
PAT0308,Cole Jones,49,Male,(417)974-9735,HB015,DOC062,SP010,2023-08-20,2023-08-29,46327.8,38071.27,8256.53
PAT0309,Wayne Johnson,54,Other,442-703-1207,HB002,DOC047,SP009,2024-01-20,2024-01-22,7249.73,3254.68,3995.05
PAT0310,Eric Lloyd,86,Female,(705)120-4618x723,HB006,DOC006,SP010,2025-06-30,2025-07-07,48406.93,24153.03,24253.9
PAT0311,Ruth Clayton,56,Male,367-303-7183,HB001,DOC013,SP005,2024-08-06,2024-08-15,28783.68,20511.21,8272.47
PAT0312,Tyrone Mayer,29,Female,(088)147-4350,HB012,DOC051,SP008,2025-06-05,2025-06-15,35140.99,13720.69,21420.3
PAT0313,Valerie Young,4,Female,(502)491-6300x97925,HB004,DOC038,SP007,2025-03-25,2025-03-27,7571.33,6544.7,1026.63
PAT0314,Christopher Davis,19,Female,+1-500-528-1273x585,HB010,DOC044,SP008,2025-04-21,2025-04-30,25180.45,14748.13,10432.32
PAT0315,Morgan Smith,57,Other,(524)077-8487x3928,HB015,DOC041,SP002,2024-05-01,2024-05-03,3084.09,1560.08,1524.01
PAT0316,John Dillon,14,Other,+1-821-827-4485x708,HB006,DOC032,SP009,2024-05-25,2024-05-28,17887.5,9942.26,7945.24
PAT0317,Sonya Harvey,60,Male,(935)186-3878x294,HB013,DOC024,SP003,2024-04-11,2024-04-18,20987.95,15582.15,5405.8
PAT0318,Frank Davis,26,Female,+1-102-203-1731x09678,HB019,DOC055,SP007,2024-12-01,,12310.21,5748.95,
PAT0319,Dawn Diaz,9,Other,+1-103-717-0586x509,HB004,DOC069,SP003,2024-02-27,2024-03-02,23962.42,10960.7,13001.72
PAT0320,Morgan Davenport,63,Other,381-138-6338,HB011,DOC050,SP010,2024-12-27,2024-12-29,18700.38,15097.02,3603.36
PAT0321,Mario White,80,Male,001-861-957-6122x8685,HB010,DOC011,SP011,2024-12-27,2024-12-29,13451.49,4979.33,8472.16
PAT0322,Zachary Ramos,48,Other,(585)566-5939x836,HB005,DOC066,SP007,2025-03-21,2025-03-24,29590.69,16388.01,13202.68
PAT0323,Natasha Ward,63,Other,760.049.0824x043,HB018,DOC023,SP009,2024-01-18,2024-01-23,8734.23,4268.84,4465.39
PAT0324,Alison Short,58,Other,001-488-899-2107x522,HB002,DOC046,SP001,2024-02-26,2024-03-01,41130.37,36124.7,5005.67
PAT0325,Kevin Hall,65,Other,196-931-5727x9194,HB016,DOC053,SP011,2023-09-03,2023-09-11,25457.58,8900.03,16557.55
PAT0326,Laura Miller,4,Male,5566139060,HB010,DOC005,SP005,2024-03-28,2024-04-02,10074.03,5786.45,4287.58
PAT0327,Emma Cunningham,64,Other,832-067-9981x36462,HB017,DOC015,SP010,2023-11-15,2023-11-24,41517.57,21594,19923.57
PAT0328,John Mcgee,6,Other,+1-641-686-2278,HB015,DOC070,SP004,2024-01-05,2024-01-07,37327.46,25838.18,11489.28
PAT0329,Matthew Gonzalez DDS,32,Female,001-833-146-5911x6655,HB002,DOC058,SP005,2023-12-30,2024-01-01,23075.36,20684.17,2391.19
PAT0330,Kirk Johnson,31,Male,259-792-7033x5211,HB019,DOC045,SP010,2025-03-01,2025-03-04,31575.26,24341.67,7233.59
PAT0331,Travis Mcintosh,27,Male,051-477-0538x3388,HB019,DOC045,SP009,2025-03-09,2025-03-18,10082.11,8946.87,1135.24
PAT0332,John Blair,38,Female,(069)804-2043,HB019,DOC035,SP009,2025-04-08,2025-04-10,8508.27,6381.68,2126.59
PAT0333,Denise Marshall,53,Male,1645104636,HB009,DOC017,SP003,2024-09-02,2024-09-08,41767.13,31612.88,10154.25
PAT0334,Ariana Stewart,87,Female,+1-812-387-8003x845,HB016,DOC019,SP010,2024-08-19,2024-08-26,20008.27,6909.05,13099.22
PAT0335,Christopher Reed,12,Female,(543)840-4608x432,HB017,DOC036,SP006,2024-04-26,2024-05-04,17709.89,5339.25,12370.64
PAT0336,Mary Miller,12,Other,(893)639-2649x5782,HB015,DOC046,SP002,2024-01-12,2024-01-19,12455.84,6947.69,5508.15
PAT0337,Lauren Sutton,28,Female,248.262.9251,HB009,DOC042,SP005,2024-10-10,2024-10-20,8268.52,6709.52,1559
PAT0338,Michelle White,44,Other,(056)647-4231,HB002,DOC006,SP002,2023-11-15,2023-11-23,2781.5,2385.58,395.92
PAT0339,Phillip Salazar,21,Female,999-393-3051x728,HB015,DOC001,SP007,2025-05-23,2025-05-26,44343.09,21334.32,23008.77
PAT0340,Michelle Brooks,36,Male,(772)233-0604x6333,HB012,DOC033,SP002,2023-09-25,2023-09-28,4485.79,3029.53,1456.26
PAT0341,Troy Gonzales,90,Male,+1-757-366-0965x699,HB014,DOC012,SP002,2024-11-08,,24886.72,9447.49,
PAT0342,Margaret Padilla,29,Other,8177038860,HB015,DOC002,SP001,2024-10-11,2024-10-13,49431.44,27354.78,22076.66
PAT0343,Phillip Estes,17,Female,476.447.2649,HB003,DOC030,SP007,2025-07-18,,40685.93,14725.09,
PAT0344,Jose Thomas,48,Female,+1-718-129-8266x5702,HB005,DOC049,SP003,2024-07-22,2024-07-25,5283.76,3370.91,1912.85
PAT0345,Michelle Harris,79,Other,145.211.1751x868,HB006,DOC057,SP006,2024-11-22,2024-11-25,46154.92,30907.44,15247.48
PAT0346,Jamie James,57,Male,001-259-222-2064x47421,HB003,DOC013,SP003,2025-07-02,2025-07-12,37040.44,18924.75,18115.69
PAT0347,Dale Dean,55,Female,077-780-9733x977,HB005,DOC032,SP005,2024-06-18,2024-06-22,28563.04,18851.74,9711.3
PAT0348,Kyle Smith,78,Female,+1-498-302-2050,HB001,DOC039,SP004,2023-11-25,2023-12-04,11055.03,5915,5140.03
PAT0349,Mary Massey,83,Male,510-162-2499x9827,HB008,DOC064,SP007,2025-03-09,2025-03-17,32627.95,11178.57,21449.38
PAT0350,Tara Davis,2,Female,556-168-1472x1458,HB011,DOC017,SP007,2024-06-21,2024-07-01,22201.45,13938.38,8263.07
PAT0351,Melissa Salazar,23,Female,981-794-6954,HB003,DOC003,SP010,2024-09-16,,14584.89,4723.99,
PAT0352,Lisa Ho,8,Female,+1-978-772-9343x010,HB017,DOC037,SP011,2024-07-31,2024-08-07,22331.61,12089.58,10242.03
PAT0353,Bailey Charles,82,Other,+1-660-558-3034x414,HB018,DOC020,SP005,2024-03-25,,5793.03,4938.88,
PAT0354,Erica Smith,20,Other,+1-556-990-2355x77027,HB011,DOC051,SP010,2023-12-03,2023-12-05,16888.14,9499.44,7388.7
PAT0355,Stephanie Herrera,31,Male,760-849-5880x39551,HB008,DOC012,SP007,2023-11-28,2023-12-08,31223.96,15161.54,16062.42
PAT0356,Andre Terrell,85,Other,+1-829-962-9145x0461,HB006,DOC016,SP001,2024-08-25,2024-08-26,9863.97,8599.5,1264.47
PAT0357,Jacqueline Gallegos,67,Other,384-215-0317x8078,HB009,DOC022,SP006,2023-12-02,2023-12-07,37180.92,13787.95,23392.97
PAT0358,Thomas Oconnor,4,Female,452.182.3076x81040,HB014,DOC035,SP009,2025-01-19,,36191.52,23379.4,
PAT0359,Shelby Cook,10,Female,1840943533,HB015,DOC066,SP006,2024-03-14,,43249.27,17305.28,
PAT0360,Francis Alexander,21,Female,422-410-9881,HB004,DOC074,SP011,2024-01-12,2024-01-16,37557.44,11325.11,26232.33
PAT0361,Kirsten Nelson,2,Male,001-493-214-9587x020,HB002,DOC061,SP006,2024-08-04,2024-08-07,10590.12,9279.12,1311
PAT0362,Amber Reyes,5,Other,662-997-9545,HB014,DOC029,SP006,2025-04-30,2025-05-06,15020.38,5208.05,9812.33
PAT0363,Peter Lamb,48,Male,792-171-7477,HB017,DOC007,SP003,2024-01-31,2024-02-09,49107.87,42844.05,6263.82
PAT0364,Briana Huang,9,Female,562-557-7017x157,HB010,DOC040,SP006,2024-07-28,,23923.82,12472.72,
PAT0365,Diane Bailey,38,Other,001-281-615-8148,HB010,DOC032,SP008,2024-07-28,2024-08-05,49893.78,38195.26,11698.52
PAT0366,Jason Oliver,70,Male,+1-276-153-9669,HB005,DOC001,SP007,2025-04-07,,27994.17,19079.85,
PAT0367,Michael Thompson,89,Male,+1-197-199-7581x72461,HB011,DOC001,SP011,2024-11-11,2024-11-16,6989.55,4318.76,2670.79
PAT0368,Robert Wise,31,Female,(570)132-9022x7846,HB016,DOC008,SP003,2024-11-25,2024-11-27,4107.21,1802.59,2304.62
PAT0369,Christina Maldonado,67,Female,494-651-9098x62405,HB012,DOC059,SP002,2025-07-04,2025-07-13,8408.66,6659.47,1749.19
PAT0370,Amy Warner,10,Other,(140)369-6566x668,HB019,DOC008,SP007,2024-01-16,2024-01-19,13365.04,6102.4,7262.64
PAT0371,Karen Lopez,41,Female,(562)422-0102x7621,HB011,DOC041,SP008,2023-11-19,2023-11-21,47290.62,18049.27,29241.35
PAT0372,Jennifer Bryant,75,Male,001-969-278-6876x532,HB005,DOC014,SP003,2024-06-29,2024-07-05,21512.6,13371.26,8141.34
PAT0373,Laura Bradford,27,Female,846.895.0097,HB010,DOC060,SP005,2025-02-02,2025-02-04,9565.54,6807.15,2758.39
PAT0374,Kevin Nixon,90,Other,284-781-8913,HB002,DOC028,SP006,2024-08-05,2024-08-09,48483.2,26071.68,22411.52
PAT0375,Mary Barnett,7,Other,+1-894-905-8077x87956,HB010,DOC034,SP003,2024-05-05,,21410.83,12232.45,
PAT0376,Rebecca Roberts,71,Male,9494079290,HB004,DOC060,SP002,2024-12-26,2024-12-29,7829.76,2638.64,5191.12
PAT0377,Rhonda Weber MD,29,Male,281-442-9444,HB007,DOC052,SP006,2023-08-16,2023-08-18,29951.54,13636.71,16314.83
PAT0378,Lindsey Kent,10,Male,001-275-243-7280x5129,HB003,DOC026,SP011,2025-07-30,2025-08-02,6414.97,5185.64,1229.33
PAT0379,Sara Mullins,43,Male,(637)239-5041x02767,HB002,DOC060,SP001,2024-03-26,2024-04-05,22791.51,16743.98,6047.53
PAT0380,Travis Nielsen,64,Male,667.428.6047,HB013,DOC055,SP003,2024-05-27,2024-05-30,15199.12,8627.12,6572
PAT0381,Tonya Vega,20,Male,1856945441,HB020,DOC032,SP011,2024-02-19,2024-02-26,44373.37,26065.74,18307.63
PAT0382,Jeanne Mejia,12,Female,001-393-852-5800x1061,HB013,DOC018,SP007,2024-09-15,2024-09-24,13959.09,12513.66,1445.43
PAT0383,Jeremy Robinson,70,Male,430-091-0939x1119,HB013,DOC046,SP008,2023-11-13,2023-11-21,18513.64,11837.45,6676.19
PAT0384,Phillip Wong,42,Female,(124)471-7465,HB009,DOC024,SP001,2024-02-20,2024-02-24,3406.57,2678.97,727.6
PAT0385,Benjamin Waters,36,Male,(650)442-7173x9627,HB016,DOC068,SP006,2023-10-28,2023-11-01,48751.03,17554.3,31196.73
PAT0386,Randy Robinson,85,Male,+1-174-101-1947x0720,HB009,DOC069,SP001,2025-07-29,2025-08-02,29633.22,26361.68,3271.54
PAT0387,James Hernandez,50,Female,690-877-6618x30671,HB006,DOC023,SP004,2024-10-18,2024-10-24,45871.04,14537.63,31333.41
PAT0388,Wendy Cook,90,Female,601-585-1743x2806,HB019,DOC073,SP003,2024-12-30,2025-01-03,42161.45,33149.05,9012.4
PAT0389,Michael Mosley,64,Other,+1-571-732-0309x3761,HB010,DOC023,SP008,2025-04-11,,4696.06,3104.08,
PAT0390,Elizabeth Ferguson,3,Other,005.050.6138x782,HB016,DOC001,SP006,2025-03-02,2025-03-06,40709.38,20536.07,20173.31
PAT0391,Tammy Johnson,23,Female,(707)903-2020,HB002,DOC003,SP003,2025-07-07,2025-07-10,39169.59,31644.66,7524.93
PAT0392,Riley Bryant,47,Male,(911)179-9313,HB012,DOC051,SP010,2024-07-01,2024-07-06,17484.95,15483.21,2001.74
PAT0393,Russell Rojas,56,Other,(519)825-3092x5114,HB016,DOC041,SP003,2023-11-22,2023-12-01,35290.9,30255.14,5035.76
PAT0394,Carol Wood,46,Male,(739)021-9620,HB019,DOC023,SP007,2025-06-18,2025-06-23,8112.72,5981.5,2131.22
PAT0395,Mr. Christopher Davis,90,Other,+1-946-723-2487x6329,HB013,DOC073,SP001,2025-01-23,2025-01-29,46209.83,40688.63,5521.2
PAT0396,Christopher Porter,29,Other,456-083-3181,HB019,DOC014,SP008,2024-11-27,2024-11-29,13423.8,11939.5,1484.3
PAT0397,Philip Fernandez,22,Other,734.031.2772,HB003,DOC043,SP008,2023-12-07,,12064.85,8637.29,
PAT0398,Amanda Newman,45,Female,364-597-0108x2207,HB004,DOC001,SP001,2024-09-07,2024-09-14,48516.89,40304.49,8212.4
PAT0399,Steven Griffith,64,Female,001-956-353-1531,HB012,DOC070,SP007,2024-02-05,2024-02-13,39859.04,25782.15,14076.89
PAT0400,Sheila Bennett,88,Male,179.706.2397,HB006,DOC058,SP002,2023-12-21,2023-12-22,16155.61,7936.12,8219.49
PAT0401,Chad Cortez,14,Male,+1-543-520-9042x1776,HB011,DOC022,SP007,2023-12-15,2023-12-17,28258.22,23705.1,4553.12
PAT0402,Colleen Phillips,12,Female,(929)831-6873,HB020,DOC062,SP001,2024-11-06,2024-11-09,31151.25,17460.91,13690.34
PAT0403,Joel Smith,7,Male,(335)693-9290x60078,HB011,DOC027,SP004,2023-08-31,2023-09-09,36657.83,27052.91,9604.92
PAT0404,James Pacheco,34,Other,001-177-318-0632x543,HB010,DOC039,SP004,2024-12-20,,20859.31,13137.14,
PAT0405,Mrs. Maureen Martin DDS,63,Male,001-907-726-2570,HB002,DOC047,SP001,2025-06-03,2025-06-08,41547.07,28046.54,13500.53
PAT0406,Janice Vazquez,62,Male,046.498.9319x50850,HB004,DOC004,SP004,2023-10-30,2023-11-04,48898.77,28563.84,20334.93
PAT0407,John Williams,15,Female,(281)832-5381x793,HB013,DOC061,SP008,2025-03-12,2025-03-17,6374.57,3993.51,2381.06
PAT0408,Courtney Gomez,24,Female,864-015-5778x817,HB013,DOC048,SP003,2025-02-06,2025-02-11,23107.54,10584.19,12523.35
PAT0409,Samantha Lam,35,Other,951.371.1624x112,HB002,DOC020,SP011,2024-03-06,,34070.78,26742.43,
PAT0410,Charles Hernandez,53,Other,804.682.7567,HB008,DOC071,SP001,2025-02-27,2025-03-08,22094.34,13727.4,8366.94
PAT0411,Dorothy Brown,61,Other,856.955.7988,HB008,DOC061,SP005,2024-07-15,,45333.31,33029.1,
PAT0412,Keith Villanueva,65,Other,243-754-0254x7292,HB017,DOC074,SP011,2025-02-07,2025-02-10,7773.53,5863.68,1909.85
PAT0413,Catherine Thompson,23,Male,001-223-105-9274x523,HB007,DOC025,SP003,2024-10-14,,5761.69,4090.08,
PAT0414,Mary Spence,26,Other,(578)284-1067,HB005,DOC034,SP006,2025-03-23,2025-03-25,6177.32,3915.3,2262.02
PAT0415,Jimmy Flores,71,Female,8854749297,HB009,DOC067,SP008,2024-04-24,2024-04-25,39754.43,26787.92,12966.51
PAT0416,Monique Mccullough,67,Female,(814)069-3751,HB004,DOC054,SP003,2024-04-14,2024-04-24,29968.5,26339.28,3629.22
PAT0417,Martin Silva,13,Male,430.187.1863,HB019,DOC013,SP005,2024-08-19,2024-08-25,44138.89,20236.89,23902
PAT0418,Larry Harding,84,Female,+1-562-656-5045x54781,HB019,DOC061,SP001,2024-01-19,2024-01-26,8904.93,5923.5,2981.43
PAT0419,Jill Riddle,89,Female,426.629.9123x478,HB002,DOC051,SP006,2024-04-21,2024-04-22,37795.99,32221.12,5574.87
PAT0420,Tyler Avila,48,Male,064-628-7923,HB011,DOC039,SP005,2023-12-27,2024-01-04,43195.27,30708,12487.27
PAT0421,Donna Henry,30,Male,947-873-0024x4714,HB010,DOC057,SP006,2024-06-24,2024-07-01,31039,10974.52,20064.48
PAT0422,Terry Newman,57,Male,1471959796,HB014,DOC063,SP009,2025-06-09,2025-06-10,26732.95,10569.77,16163.18
PAT0423,Michael Mccann,40,Other,589-042-9025,HB017,DOC052,SP003,2024-07-28,2024-08-06,44207.96,14030.23,30177.73
PAT0424,Brandy Martin,25,Male,565-044-8183x219,HB002,DOC032,SP001,2025-03-11,2025-03-17,35822.43,16635.45,19186.98
PAT0425,Frank Stewart,60,Other,+1-445-189-5202x84576,HB013,DOC016,SP011,2024-04-25,,19878.4,13048.7,
PAT0426,Carla Robinson,23,Female,338.988.8167x11207,HB019,DOC071,SP006,2024-05-01,2024-05-06,37950.13,27070.22,10879.91
PAT0427,Jack Montoya,37,Male,+1-852-401-3223x423,HB013,DOC007,SP003,2023-11-14,2023-11-18,43141.34,29699.7,13441.64
PAT0428,Mrs. Pamela Rodriguez,87,Male,7603108907,HB009,DOC053,SP009,2023-11-05,,39454.58,30006.93,
PAT0429,Amanda Turner,2,Female,1193932501,HB005,DOC023,SP010,2023-11-26,2023-11-30,14114.74,11052.57,3062.17
PAT0430,Teresa Rush,40,Other,(528)938-9119x083,HB009,DOC055,SP007,2025-02-10,2025-02-18,14095.94,8175.91,5920.03
PAT0431,Douglas Winters,87,Other,+1-013-875-9271,HB020,DOC051,SP010,2023-12-23,2024-01-01,49972.61,43970.46,6002.15
PAT0432,Vicki Coleman,48,Other,361.517.1827x54801,HB020,DOC037,SP005,2024-04-15,2024-04-23,5064.18,4522.4,541.78
PAT0433,James Bryant DDS,82,Female,+1-738-646-3175x20716,HB009,DOC034,SP011,2024-07-10,2024-07-15,11041.28,6739.33,4301.95
PAT0434,Megan Wilson,31,Male,(691)215-3539x6136,HB020,DOC052,SP011,2025-02-18,2025-02-21,36621.59,25387.56,11234.03
PAT0435,Dr. Ralph Wheeler DDS,38,Female,+1-657-967-8427x1147,HB014,DOC052,SP007,2024-08-25,2024-09-04,35987.31,23147.95,12839.36
PAT0436,Tommy Johnson,25,Female,001-017-026-9524x9911,HB008,DOC069,SP011,2024-12-30,2025-01-05,26351.11,21271.97,5079.14
PAT0437,Patricia Sparks,85,Other,477.848.5880,HB006,DOC038,SP002,2025-03-20,2025-03-25,36808.96,23389.11,13419.85
PAT0438,Jeffrey Melendez,24,Other,(756)770-0284x2762,HB011,DOC012,SP004,2024-04-03,2024-04-08,22182.68,18458.34,3724.34
PAT0439,Katherine Rodriguez,48,Female,+1-788-977-8280x64796,HB019,DOC038,SP008,2024-11-26,2024-12-04,4576.49,3114.93,1461.56
PAT0440,Pamela Mitchell,75,Other,0902559056,HB003,DOC061,SP004,2023-10-19,2023-10-26,27432.25,15029.15,12403.1
PAT0441,William Jenkins,20,Male,3334911415,HB007,DOC044,SP007,2023-12-14,2023-12-22,8874.76,7254.55,1620.21
PAT0442,Gabriel Murray,24,Male,(986)407-9056x96591,HB016,DOC043,SP011,2025-04-23,2025-04-29,32455.95,9828.57,22627.38
PAT0443,Michael Harris MD,36,Male,001-529-456-3718x34404,HB006,DOC074,SP003,2024-10-23,2024-10-25,8211.49,4600.3,3611.19
PAT0444,Darrell Newton,55,Female,919-541-9876,HB014,DOC062,SP007,2024-01-14,,27621.56,20395.63,
PAT0445,Billy Colon,2,Female,468.536.6498x78208,HB017,DOC025,SP001,2025-06-05,2025-06-09,12860.75,10625.44,2235.31
PAT0446,Jonathan Guerrero,40,Male,001-748-969-0835x7232,HB004,DOC050,SP009,2025-03-06,2025-03-09,5133.78,1680.96,3452.82
PAT0447,Elizabeth Graham,38,Female,136-442-4936x31230,HB017,DOC068,SP006,2024-02-11,2024-02-14,18451.18,15514.31,2936.87
PAT0448,Emily Washington,46,Male,(603)242-0448x20700,HB006,DOC052,SP001,2025-06-02,2025-06-05,12137.13,3800.72,8336.41
PAT0449,Emily Evans,65,Male,651-623-1981,HB004,DOC047,SP011,2024-09-13,2024-09-20,44074.12,19986.45,24087.67
PAT0450,Lauren Hampton,69,Other,471.391.5596x36321,HB002,DOC007,SP011,2023-12-19,2023-12-20,4315.28,1594.38,2720.9
PAT0451,Donald Ortiz,57,Female,001-078-515-8673,HB004,DOC071,SP005,2024-03-07,2024-03-10,11863.76,8440.4,3423.36
PAT0452,Taylor Cox,2,Female,001-540-900-3486x451,HB014,DOC013,SP011,2024-09-23,2024-10-03,31070.45,11878.17,19192.28
PAT0453,Shannon Price,14,Other,(441)343-2756x0417,HB020,DOC016,SP005,2024-08-04,2024-08-06,25891.48,17228.22,8663.26
PAT0454,Tammy Cook,34,Other,(124)815-6985x70027,HB007,DOC046,SP007,2025-04-10,2025-04-11,28310.66,23956.88,4353.78
PAT0455,April Gonzalez,89,Female,591-123-8296x5772,HB011,DOC031,SP001,2024-02-23,,6272.14,2297.22,
PAT0456,Kevin Murphy,74,Other,316-526-6930x0893,HB016,DOC020,SP002,2025-07-09,2025-07-11,36731.05,13251.62,23479.43
PAT0457,Joel Green,33,Other,(069)694-2152,HB008,DOC059,SP005,2024-10-18,2024-10-19,6790.83,2749.07,4041.76
PAT0458,Nathan Graham,6,Female,713.334.4762x639,HB012,DOC041,SP007,2024-01-19,2024-01-21,42859.8,35752.58,7107.22
PAT0459,Diane Byrd MD,2,Male,(204)439-7359x71072,HB006,DOC043,SP006,2025-06-11,2025-06-21,14878.85,11007.98,3870.87
PAT0460,Michael Mcdaniel,48,Female,001-669-411-8005x375,HB006,DOC015,SP007,2024-11-17,2024-11-25,15047.99,7996.94,7051.05
PAT0461,Tracy George,62,Female,001-004-896-4652x8092,HB006,DOC015,SP003,2024-02-23,2024-02-24,49115.32,39616.9,9498.42
PAT0462,Johnathan Morgan,14,Female,215.862.4150x274,HB019,DOC062,SP010,2025-03-07,2025-03-10,31343.51,24056.1,7287.41
PAT0463,Jeffrey Orr,79,Male,948-562-5728x703,HB005,DOC062,SP008,2023-11-28,2023-12-05,23153.02,7825.76,15327.26
PAT0464,Clifford Harrison,84,Female,(761)707-5877,HB001,DOC068,SP010,2024-08-21,2024-08-25,48938.99,34350.6,14588.39
PAT0465,Nathan Hernandez,44,Other,(134)228-4993x908,HB017,DOC013,SP007,2025-03-22,2025-03-26,25132.62,17548.26,7584.36
PAT0466,Jennifer Jones,83,Female,001-715-041-6591x52017,HB005,DOC072,SP010,2025-05-11,,32883.14,12961.1,
PAT0467,Karen Fuller,61,Female,905-097-5923x045,HB006,DOC010,SP008,2025-04-15,2025-04-21,48566.96,16037.32,32529.64
PAT0468,Benjamin Crane,29,Other,(164)236-1032x6642,HB013,DOC052,SP004,2023-11-06,,23321.07,15014.59,
PAT0469,Robert Fitzgerald,12,Female,925-158-3776x7499,HB015,DOC041,SP002,2024-06-28,2024-06-29,6926.88,3791.8,3135.08
PAT0470,Jay Richardson,72,Other,(661)085-7327,HB001,DOC012,SP010,2024-09-17,2024-09-22,44725.32,28507.9,16217.42
PAT0471,Kelly Roberts,84,Other,(174)224-3864x90810,HB015,DOC044,SP006,2024-09-06,2024-09-10,42527.24,21228.9,21298.34
PAT0472,Jeffery Davis,80,Other,+1-945-491-8017x22601,HB016,DOC047,SP008,2024-06-23,2024-06-27,2105.45,1080.27,1025.18
PAT0473,Elizabeth Matthews,82,Female,794.523.2194x168,HB018,DOC067,SP006,2023-08-18,2023-08-19,45050.1,26825.23,18224.87
PAT0474,Bruce Jackson,53,Male,769.749.9564x1220,HB009,DOC026,SP004,2023-12-31,2024-01-07,12348.3,9813.6,2534.7
PAT0475,Alan Waller,25,Other,3723683147,HB011,DOC014,SP007,2023-11-28,,32395.54,22783.3,
PAT0476,Alex Martin,16,Female,(777)079-3349,HB015,DOC065,SP003,2025-05-10,2025-05-11,27457.49,9037.44,18420.05
PAT0477,Amber Smith,56,Other,+1-667-998-4076x7899,HB016,DOC066,SP003,2025-07-31,2025-08-03,37063.74,13974.11,23089.63
PAT0478,Ruth Freeman,50,Other,001-080-695-8146x717,HB020,DOC042,SP009,2024-11-30,2024-12-07,49016.04,41641.39,7374.65
PAT0479,Hannah Terry,32,Female,2437573839,HB013,DOC044,SP005,2025-07-11,2025-07-14,8632.64,5710.62,2922.02
PAT0480,Tammy Castaneda,66,Female,001-724-665-7293x417,HB018,DOC041,SP009,2023-11-13,2023-11-17,12066.21,8791.81,3274.4
PAT0481,Christopher Vasquez,88,Female,(743)380-0545x22801,HB005,DOC023,SP009,2024-04-23,2024-04-29,36096.93,27306.06,8790.87
PAT0482,Luke Martinez,72,Female,745.508.4289,HB019,DOC074,SP011,2025-01-06,2025-01-15,15724.54,12711.41,3013.13
PAT0483,Anthony Shah,2,Other,119.918.0812x135,HB004,DOC004,SP007,2023-12-04,2023-12-05,11595.32,8697.78,2897.54
PAT0484,Michelle Gill,21,Female,125.521.3760x3754,HB009,DOC019,SP001,2024-08-31,2024-09-05,11792.04,7366.53,4425.51
PAT0485,Derek Espinoza,46,Female,(532)863-2666x78507,HB004,DOC072,SP004,2023-11-26,2023-12-05,20666.56,12535.37,8131.19
PAT0486,Michelle Holmes,90,Female,155-626-0602,HB002,DOC049,SP007,2025-07-06,2025-07-12,48359.99,16069.12,32290.87
PAT0487,Vanessa Whitney,33,Male,+1-846-684-5504x89267,HB020,DOC057,SP004,2024-12-17,2024-12-23,38245.17,24016.78,14228.39
PAT0488,Joshua Kramer,78,Male,+1-756-341-0856x2884,HB007,DOC038,SP008,2024-01-18,2024-01-20,10974.88,4436.89,6537.99
PAT0489,Juan Boyd,66,Male,001-200-894-3468x10548,HB013,DOC006,SP007,2024-05-06,2024-05-11,8243.19,5361.3,2881.89
PAT0490,Peter Pugh,33,Male,490.753.9989x354,HB011,DOC060,SP003,2024-03-13,,46574.16,30651.77,
PAT0491,Robin Armstrong,81,Other,(683)158-9357,HB010,DOC063,SP010,2023-10-20,2023-10-22,39633.51,19448.77,20184.74
PAT0492,Jeffery Jenkins,29,Male,062-737-1586,HB017,DOC009,SP009,2024-11-03,2024-11-12,27777.73,9865.74,17911.99
PAT0493,Peggy Wiggins,29,Male,001-767-762-2827,HB011,DOC043,SP006,2025-02-07,2025-02-17,27463.95,24662.04,2801.91
PAT0494,Walter Palmer,84,Male,137.702.8519x61159,HB004,DOC045,SP008,2024-03-16,2024-03-26,46093.15,20571.2,25521.95
PAT0495,Christian Watson,6,Other,(447)022-9604x432,HB011,DOC049,SP002,2025-05-02,2025-05-11,36750.83,11570.02,25180.81
PAT0496,April Kelley,67,Female,067-949-7567,HB017,DOC066,SP008,2025-05-14,2025-05-19,45117.52,18746.66,26370.86
PAT0497,Lisa Gill,66,Male,777.251.9966x36580,HB004,DOC022,SP009,2025-01-06,2025-01-08,12117.51,8212.14,3905.37
PAT0498,Nancy Brewer,28,Other,(094)818-1398,HB014,DOC014,SP004,2024-10-26,2024-11-02,33034.94,28537.25,4497.69
PAT0499,Tina Boyd,88,Male,001-780-182-0433x97189,HB001,DOC059,SP006,2024-04-09,,5515.91,2243.85,
PAT0500,Andrew Atkins,33,Other,5626085641,HB003,DOC074,SP004,2023-11-02,2023-11-09,20625.56,13986.82,6638.74
PAT0501,Kimberly Mitchell,56,Female,(412)462-0952,HB001,DOC050,SP011,2023-08-26,2023-08-27,32788.29,22001.26,10787.03
PAT0502,Elizabeth Garcia,75,Male,(654)610-3399,HB003,DOC046,SP009,2024-02-04,2024-02-09,31115.16,14590.22,16524.94
PAT0503,Paul Cruz Jr.,57,Female,5786170630,HB013,DOC004,SP008,2024-03-01,2024-03-05,8546.31,4568.82,3977.49
PAT0504,Laurie Garcia,70,Female,001-824-967-1832x58238,HB005,DOC039,SP011,2024-06-29,2024-07-05,47954.8,14707.26,33247.54
PAT0505,Kristen Williams,72,Male,942.007.4946x539,HB004,DOC006,SP001,2025-05-18,2025-05-25,27783.3,24121.12,3662.18
PAT0506,Amber Stevenson,40,Male,001-141-612-8463,HB012,DOC028,SP007,2024-11-21,2024-11-30,8837.85,3627.02,5210.83
PAT0507,Rebekah Henson,79,Female,474-355-3795x02097,HB007,DOC015,SP003,2023-08-08,2023-08-18,42908.05,34791.25,8116.8
PAT0508,Megan Gutierrez,71,Female,001-768-118-0715x695,HB018,DOC010,SP005,2024-05-31,2024-06-05,6713.72,4936.96,1776.76
PAT0509,Randy Terry,63,Female,1753703045,HB012,DOC017,SP011,2023-12-31,2024-01-02,15686.58,5363.01,10323.57
PAT0510,Louis Turner,25,Female,001-337-504-7930x361,HB016,DOC058,SP006,2025-06-10,2025-06-15,35285.99,13812.24,21473.75
PAT0511,Jonathan Jackson,73,Female,999.219.2124,HB011,DOC055,SP003,2025-07-30,,13816.41,5981.34,
PAT0512,Crystal Mills,83,Female,308-948-7060x566,HB009,DOC047,SP003,2024-03-04,2024-03-10,44138.52,25499.22,18639.3
PAT0513,Joseph Simpson,46,Female,030.468.7506x35190,HB016,DOC071,SP002,2025-02-27,2025-03-09,5934.74,2779.65,3155.09
PAT0514,Michael Rosario,18,Other,325.411.0760,HB007,DOC034,SP011,2024-11-07,,5619.2,1748.57,
PAT0515,Taylor Pittman,65,Other,173.505.8319,HB001,DOC075,SP010,2024-11-28,2024-12-08,12212.51,3932.35,8280.16
PAT0516,Brendan Griffin,34,Other,100-651-2070,HB018,DOC061,SP011,2024-03-26,2024-04-01,20839.92,17398.47,3441.45
PAT0517,Jessica Garcia,76,Other,8046619639,HB010,DOC018,SP008,2025-04-07,2025-04-09,21045.69,12654.78,8390.91
PAT0518,Alexandra Reyes,85,Male,(991)507-8593x11091,HB020,DOC022,SP009,2024-11-07,2024-11-10,10598.97,9212.91,1386.06
PAT0519,Cheryl Berry,85,Male,+1-845-679-7232x0024,HB016,DOC046,SP001,2024-11-01,2024-11-09,13124,6018.85,7105.15
PAT0520,Tyler Webster,30,Male,982-274-9545x0892,HB007,DOC067,SP006,2023-09-18,2023-09-26,44314.5,14355.36,29959.14
PAT0521,Robert Hansen,84,Female,6533315377,HB004,DOC067,SP011,2024-11-12,2024-11-17,29774.31,19117.97,10656.34
PAT0522,Sarah Knight,49,Other,946-521-7073x03379,HB013,DOC047,SP010,2024-01-17,2024-01-19,26799.82,14091.27,12708.55
PAT0523,Nicholas Cisneros,29,Other,636-205-0150x81247,HB013,DOC046,SP006,2024-01-02,2024-01-10,44584.25,13551.77,31032.48
PAT0524,Susan Ward,18,Female,3342342583,HB006,DOC030,SP002,2023-12-21,2023-12-26,12152.82,5008.7,7144.12
PAT0525,Christopher Green,47,Other,026-153-4735,HB004,DOC030,SP007,2025-04-24,2025-04-26,25112.8,14748.47,10364.33
PAT0526,Christopher Rose,27,Other,+1-611-223-3865x596,HB006,DOC053,SP001,2024-12-11,2024-12-14,29527.35,11712.83,17814.52
PAT0527,Angel Jensen,81,Other,842.530.4289,HB002,DOC074,SP003,2025-06-23,,14396.46,5874.08,
PAT0528,Nicholas Mueller DDS,52,Other,+1-128-685-7872x558,HB019,DOC003,SP011,2025-01-25,2025-01-27,12396.48,8230.22,4166.26
PAT0529,Dr. John Perkins,61,Female,+1-903-337-3634x6692,HB006,DOC029,SP007,2025-07-31,2025-08-10,41381.75,16930.54,24451.21
PAT0530,Dawn Miller,85,Other,001-147-853-9078x95677,HB009,DOC022,SP011,2024-07-05,2024-07-13,30633.6,10455.42,20178.18
PAT0531,Robert Stewart,49,Female,(027)341-5148x8814,HB005,DOC014,SP001,2025-07-24,2025-08-02,34849.66,27737.14,7112.52
PAT0532,Bryan Ward,78,Male,+1-353-544-4392,HB006,DOC061,SP010,2025-05-30,2025-06-08,26159.8,9692.46,16467.34
PAT0533,Nancy Gaines,62,Other,4456690782,HB005,DOC070,SP001,2025-06-07,2025-06-14,27058.12,14130.47,12927.65
PAT0534,Darrell Curry,6,Other,389.877.5153x6637,HB017,DOC055,SP004,2024-07-19,2024-07-27,39898.67,21096.1,18802.57
PAT0535,Amanda Taylor,76,Other,(407)553-6668,HB019,DOC013,SP007,2024-03-24,2024-04-01,38761.23,32793.99,5967.24
PAT0536,Alexander Floyd,11,Female,(259)999-6636,HB020,DOC070,SP007,2023-09-23,2023-09-24,36039.14,27881.81,8157.33
PAT0537,Chelsea Rodriguez,74,Other,001-741-218-2097,HB004,DOC067,SP001,2023-08-25,2023-08-29,35012.8,17140.2,17872.6
PAT0538,Benjamin Mccarty,47,Male,334-817-0580x2566,HB005,DOC055,SP011,2023-12-04,2023-12-09,43038.89,23849.44,19189.45
PAT0539,Betty Barnes PhD,47,Other,(323)467-2994x9387,HB009,DOC051,SP004,2024-03-05,2024-03-14,25158.45,13135.93,12022.52
PAT0540,William Griffin,72,Female,(938)597-7790x1475,HB009,DOC040,SP010,2025-01-29,2025-02-05,37317.56,30339.15,6978.41
PAT0541,Rebecca Myers,85,Male,(632)967-6291,HB008,DOC058,SP003,2024-06-05,2024-06-14,21226.92,10678.47,10548.45
PAT0542,Amanda Mcclure,71,Other,(484)137-6815,HB002,DOC021,SP007,2023-10-03,2023-10-04,40609.73,32242.23,8367.5
PAT0543,Kathy Chan,61,Other,(724)380-7017x65636,HB014,DOC012,SP002,2023-09-03,2023-09-09,5841.91,1884.91,3957
PAT0544,Brian Stark,50,Female,777-118-3727x42209,HB020,DOC067,SP005,2023-10-22,2023-11-01,4758.23,3636.07,1122.16
PAT0545,Caleb Figueroa,23,Other,(104)275-2308,HB016,DOC057,SP001,2024-01-19,2024-01-28,15728.31,5035.66,10692.65
PAT0546,Anthony Walters,77,Other,164.709.0063x35331,HB017,DOC030,SP010,2023-08-17,2023-08-18,19267.52,13352.61,5914.91
PAT0547,William Rogers,21,Male,131.220.6815,HB009,DOC052,SP006,2024-04-11,2024-04-18,30131.85,18399.88,11731.97
PAT0548,Chelsey Clark,9,Male,+1-661-331-5520,HB018,DOC037,SP009,2024-06-12,2024-06-18,18678.8,14743.34,3935.46
PAT0549,Alexandra Lewis,29,Other,149.501.3649,HB007,DOC059,SP007,2024-08-27,2024-09-01,10401.67,6279.93,4121.74
PAT0550,Mrs. Kimberly Mooney,72,Male,001-241-956-2525,HB017,DOC038,SP006,2025-05-27,2025-06-05,47922.05,39567.69,8354.36
PAT0551,Andrea Smith,74,Female,001-768-389-0309,HB015,DOC049,SP010,2025-03-16,2025-03-20,38358.72,33630.75,4727.97
PAT0552,Ellen Rojas,59,Other,001-391-025-7432x63039,HB015,DOC004,SP008,2024-07-14,2024-07-16,20368.32,15748.65,4619.67
PAT0553,Erin Ramirez,29,Other,+1-086-403-5533x8033,HB008,DOC041,SP007,2024-11-19,2024-11-28,27711.29,19965.74,7745.55
PAT0554,Kelly White,34,Male,+1-017-130-2321x2983,HB010,DOC012,SP007,2024-02-04,2024-02-10,5649.38,4851.9,797.48
PAT0555,Jessica Mcdonald,61,Female,(336)293-4497,HB012,DOC028,SP010,2024-12-10,2024-12-14,25951.97,10894.64,15057.33
PAT0556,Scott Olson,31,Female,(662)776-8962x706,HB007,DOC030,SP004,2024-07-01,2024-07-11,19089.31,14648.43,4440.88
PAT0557,Olivia Dorsey,16,Male,+1-828-246-7474x689,HB016,DOC001,SP009,2024-08-12,2024-08-20,19817.43,9695.68,10121.75
PAT0558,Chad Harrison,74,Female,(300)857-6665,HB016,DOC024,SP009,2024-05-29,2024-06-02,38008.13,14327.07,23681.06
PAT0559,Martin Chapman MD,68,Female,1692364587,HB016,DOC070,SP001,2024-12-10,2024-12-17,43299.21,33147.38,10151.83
PAT0560,Melissa Curtis,59,Male,(337)050-2497x24399,HB017,DOC059,SP006,2024-12-31,2025-01-01,34356.95,18128.68,16228.27
PAT0561,Alexandria Wise,13,Female,+1-669-183-6264x4886,HB012,DOC034,SP003,2024-11-02,2024-11-06,14931.6,13066.88,1864.72
PAT0562,Jason Walter,44,Female,001-119-524-3640x2701,HB006,DOC064,SP007,2023-09-28,2023-10-04,19523.74,10549.76,8973.98
PAT0563,Jennifer Butler,58,Male,622-522-3728x1793,HB019,DOC017,SP010,2023-12-27,2023-12-29,36599.14,28637.09,7962.05
PAT0564,Paul Lamb,72,Female,467.912.1416,HB013,DOC026,SP003,2023-11-09,2023-11-12,24703.38,7555.41,17147.97
PAT0565,Gordon Richards,54,Female,710.040.9013x8069,HB005,DOC067,SP009,2024-09-11,2024-09-19,16401.64,10452.49,5949.15
PAT0566,Dr. Tara Kennedy,73,Male,965-555-3566x90551,HB013,DOC013,SP003,2023-08-07,,41063.27,24059.94,
PAT0567,Michael Hardy,81,Male,(091)843-5797,HB015,DOC043,SP005,2024-09-07,2024-09-16,28759.59,22605.31,6154.28
PAT0568,Cole Andersen,45,Male,050-573-9769x15671,HB014,DOC016,SP006,2025-02-25,2025-03-07,11549.99,7455.94,4094.05
PAT0569,Lawrence Joseph,84,Other,980.271.4872x71783,HB006,DOC037,SP006,2024-02-10,2024-02-19,25399.7,18844.44,6555.26
PAT0570,Paul Keller,11,Female,160-256-4347,HB020,DOC037,SP008,2025-07-02,2025-07-05,43676.37,29889.85,13786.52
PAT0571,Mary Livingston,44,Female,+1-715-399-1566x8633,HB020,DOC074,SP007,2024-02-22,2024-02-24,5797.37,2934.49,2862.88
PAT0572,Brandon Davis,41,Female,001-931-952-5690x4098,HB010,DOC035,SP010,2023-12-30,2024-01-04,44609.21,34285.94,10323.27
PAT0573,Veronica Flores,47,Other,(289)931-6087x524,HB019,DOC067,SP008,2025-05-16,2025-05-19,43002.17,16126.84,26875.33
PAT0574,Michael Hernandez,31,Other,209-548-1497x3746,HB009,DOC011,SP004,2023-09-19,2023-09-21,6586.58,5678.13,908.45
PAT0575,Mrs. Samantha Clark,61,Other,001-302-764-2086x5675,HB002,DOC004,SP007,2025-03-15,2025-03-17,6988.56,4688.35,2300.21
PAT0576,Benjamin Acosta,11,Other,386-125-9047x2927,HB013,DOC040,SP004,2025-01-26,2025-01-31,23271.7,8746.6,14525.1
PAT0577,Dr. Daniel Brock,68,Male,059.126.6201,HB001,DOC005,SP011,2024-05-07,2024-05-13,43483.57,25234.22,18249.35
PAT0578,Catherine Williams,70,Female,596.263.0136x74926,HB018,DOC057,SP003,2025-03-29,2025-04-07,10497.76,6913.31,3584.45
PAT0579,Rebecca Barrett,81,Other,001-764-750-1111x78309,HB019,DOC056,SP009,2024-10-23,2024-11-01,16863.74,8571.86,8291.88
PAT0580,Mrs. Melissa Davis,70,Male,001-267-649-2151,HB003,DOC057,SP005,2025-02-09,2025-02-14,9474.44,2902.34,6572.1
PAT0581,Rebecca Lopez,67,Male,001-068-887-1898x131,HB012,DOC037,SP008,2023-12-23,2023-12-31,47453.96,27819.42,19634.54
PAT0582,Melissa Smith,2,Female,510.293.2184x011,HB010,DOC030,SP001,2024-09-01,2024-09-05,21763.32,13848.71,7914.61
PAT0583,Vincent Jackson,51,Male,+1-034-084-8729x75859,HB006,DOC050,SP007,2024-09-26,2024-09-28,22267.49,9880.91,12386.58
PAT0584,Melissa Bates,79,Other,3032432983,HB009,DOC037,SP011,2024-11-06,2024-11-11,21819.39,17719.29,4100.1
PAT0585,Carl Dean,24,Male,844-626-7146,HB010,DOC015,SP011,2025-08-04,2025-08-12,15062.44,10146.85,4915.59
PAT0586,Kimberly Jones,25,Female,001-435-989-2625x6609,HB001,DOC020,SP001,2024-02-13,2024-02-14,10925,3947.9,6977.1
PAT0587,Caleb Rodriguez,35,Male,+1-615-155-4234,HB015,DOC002,SP004,2023-08-12,,2706.79,1164.77,
PAT0588,William Walker,54,Female,128-497-1859,HB016,DOC048,SP008,2025-06-07,2025-06-08,17851.94,14390.94,3461
PAT0589,Devin Garcia,19,Male,2562588967,HB009,DOC051,SP002,2024-11-07,2024-11-10,11225.23,9035.45,2189.78
PAT0590,Adam Palmer,49,Male,(226)940-5396,HB004,DOC032,SP007,2025-02-03,2025-02-11,13863.79,12431.96,1431.83
PAT0591,Jeffrey Gomez,26,Female,844.683.4146x511,HB004,DOC067,SP011,2023-10-03,2023-10-11,20677.9,18128.9,2549
PAT0592,Theresa Martin,42,Male,1487068277,HB002,DOC071,SP009,2024-09-08,2024-09-16,32648.96,13687.56,18961.4
PAT0593,Megan Patel,7,Other,609-306-8538,HB007,DOC015,SP004,2025-01-17,2025-01-23,2723.25,2114.97,608.28
PAT0594,Lisa Oconnell,75,Male,+1-832-152-8506x76251,HB013,DOC032,SP001,2024-04-23,2024-05-03,39606.81,23176.42,16430.39
PAT0595,Danielle Ryan,77,Male,001-144-744-3096x34807,HB012,DOC012,SP004,2025-06-28,2025-06-30,34925.34,17569.31,17356.03
PAT0596,Katherine Kelly,81,Male,+1-754-510-5265x016,HB002,DOC046,SP011,2024-08-21,2024-08-30,39990.38,15016.25,24974.13
PAT0597,Joseph Roach,30,Female,(170)243-7654x56284,HB018,DOC045,SP008,2023-10-28,2023-10-29,35084,18064.77,17019.23
PAT0598,Mary Gonzales MD,18,Female,001-605-313-4026x6502,HB002,DOC063,SP008,2025-01-03,2025-01-12,35457.81,14674.76,20783.05
PAT0599,John Ortega,24,Other,167-872-5686x211,HB012,DOC042,SP008,2025-04-11,2025-04-21,45894.75,29038.17,16856.58
PAT0600,Christopher Porter,9,Other,001-305-690-6744x71639,HB005,DOC058,SP005,2023-12-01,2023-12-10,19621.41,5894.9,13726.51
PAT0601,Chelsea Campbell,82,Other,436-371-8923,HB013,DOC024,SP001,2025-05-29,2025-06-04,39248.8,17397.89,21850.91
PAT0602,Madison Perez,9,Other,(604)326-0931,HB018,DOC050,SP004,2025-06-06,2025-06-14,38755.24,15210.61,23544.63
PAT0603,Jason Torres,37,Female,+1-335-670-8604x1454,HB014,DOC042,SP002,2024-05-03,,33626.77,10971.28,
PAT0604,Danielle Jacobson,17,Male,(000)534-7491,HB002,DOC026,SP002,2024-07-04,2024-07-06,3527.22,2416.33,1110.89
PAT0605,Travis Cox,50,Other,110-825-5598x9534,HB016,DOC068,SP010,2024-01-15,2024-01-20,4356.11,1883.73,2472.38
PAT0606,Anita Rodriguez,10,Male,+1-910-933-7118x9547,HB007,DOC063,SP002,2025-03-18,2025-03-19,19324.45,14417.71,4906.74
PAT0607,Nathan Williams,54,Female,684.855.7161,HB002,DOC035,SP009,2024-08-14,,5378.63,2594.34,
PAT0608,Timothy Gordon,28,Other,2942409036,HB004,DOC013,SP004,2024-08-23,2024-08-27,11269.73,7822.61,3447.12
PAT0609,Sheila Mata,73,Other,(786)866-9432,HB006,DOC072,SP009,2023-08-07,2023-08-09,38781.6,25050.52,13731.08
PAT0610,Daniel Horton,87,Female,788.443.4481x23083,HB014,DOC014,SP003,2024-03-18,2024-03-27,21274.74,10690.72,10584.02
PAT0611,Charles Stephenson,21,Other,(403)381-0595,HB020,DOC057,SP006,2024-04-13,2024-04-22,49590.22,24536.87,25053.35
PAT0612,Michael Dunn,48,Female,001-269-450-0534x2408,HB014,DOC042,SP010,2024-12-27,2025-01-05,12268.55,9317.04,2951.51
PAT0613,Paula Deleon,33,Female,649-837-3543,HB015,DOC058,SP007,2024-10-29,,3663.82,1724.52,
PAT0614,Shannon Foster,3,Other,365.271.7272x239,HB005,DOC039,SP001,2024-08-19,2024-08-23,12311.5,6019.62,6291.88
PAT0615,Catherine Campbell,89,Female,226-931-2163x7618,HB018,DOC066,SP009,2023-11-19,2023-11-29,9426.31,3041.32,6384.99
PAT0616,Rhonda Morrison,46,Male,(601)002-3142x9001,HB005,DOC034,SP006,2024-09-29,2024-10-03,13183.72,10370.9,2812.82
PAT0617,Gina Zimmerman,12,Other,279.724.5723,HB013,DOC073,SP004,2023-09-17,2023-09-23,40059.4,16173.64,23885.76
PAT0618,Debra Stephens,89,Other,0184186203,HB019,DOC013,SP010,2023-08-23,2023-08-24,37077.89,23943.8,13134.09
PAT0619,James Gomez,11,Male,361-721-3145x1951,HB011,DOC045,SP007,2024-05-11,2024-05-13,43749.75,19076.23,24673.52
PAT0620,Tamara Huang,84,Other,+1-226-859-2624x945,HB001,DOC049,SP001,2025-06-14,2025-06-15,17327.19,11071.17,6256.02
PAT0621,Thomas Stanley,42,Other,102-252-6771x196,HB008,DOC020,SP001,2025-02-19,2025-02-26,48609.93,36540.28,12069.65
PAT0622,Brandon Cooley,74,Other,(655)767-6952,HB003,DOC029,SP007,2025-04-19,2025-04-26,9104.6,4567.79,4536.81
PAT0623,Tammy Reyes,61,Other,+1-788-788-3619,HB002,DOC071,SP007,2025-02-10,2025-02-17,26087.51,19938.56,6148.95
PAT0624,Kenneth Steele,17,Male,001-313-503-0587x2105,HB016,DOC072,SP004,2024-05-11,2024-05-21,11412.77,7641.97,3770.8
PAT0625,Sharon Fuentes,68,Male,728-633-3021x2606,HB008,DOC010,SP005,2024-05-19,2024-05-25,34867.42,22510.79,12356.63
PAT0626,Brian Perkins,15,Other,920.252.1310x9622,HB014,DOC055,SP006,2024-08-03,2024-08-09,18537.2,12850.84,5686.36
PAT0627,Nicole Hale,40,Male,765-704-1200x9282,HB012,DOC057,SP010,2023-08-13,2023-08-14,46362.23,20403.73,25958.5
PAT0628,Jeff Vaughan,88,Female,849.843.6241x862,HB005,DOC011,SP002,2025-03-04,2025-03-08,47549.16,40703.88,6845.28
PAT0629,Manuel Robinson,37,Male,(891)775-6620,HB011,DOC015,SP005,2025-04-19,2025-04-20,17930.08,13340.12,4589.96
PAT0630,Jeff Nelson,28,Male,159-503-4281,HB018,DOC067,SP005,2023-09-24,2023-10-04,37036.33,14251.89,22784.44
PAT0631,Adam Browning,90,Other,830.341.9909,HB001,DOC049,SP010,2025-04-09,2025-04-18,4087.14,1643.81,2443.33
PAT0632,Mr. Brandon Parker,37,Male,(468)356-5215x681,HB020,DOC035,SP001,2024-08-29,2024-08-30,5196.69,3618.06,1578.63
PAT0633,Brittany Matthews,85,Other,(790)422-7113x3228,HB012,DOC014,SP001,2024-09-09,2024-09-16,13096.09,6920.25,6175.84
PAT0634,Lisa Mills PhD,13,Female,254.596.0633x991,HB016,DOC069,SP002,2023-12-01,2023-12-10,48405.99,30806.18,17599.81
PAT0635,Wendy Davis,3,Male,2481717524,HB008,DOC068,SP005,2023-12-08,2023-12-15,37730.75,11735.14,25995.61
PAT0636,Kenneth Gomez,88,Female,274-747-2197,HB012,DOC039,SP004,2023-09-04,2023-09-13,15242.16,5139.75,10102.41
PAT0637,Dustin Ortiz,33,Female,+1-275-895-5168x740,HB001,DOC072,SP005,2024-11-29,2024-12-05,45064.42,31281.88,13782.54
PAT0638,Amy Gibbs,12,Other,001-802-146-2961x367,HB013,DOC067,SP011,2025-01-05,2025-01-09,22032,14182.86,7849.14
PAT0639,John Day,55,Female,112.166.3651x559,HB020,DOC043,SP008,2024-08-16,2024-08-20,33318.69,21611.12,11707.57
PAT0640,Patrick Wilson,88,Male,082.723.5909x605,HB005,DOC040,SP009,2025-04-09,2025-04-16,49792.92,44089.94,5702.98
PAT0641,John Brown,19,Other,6442121461,HB019,DOC021,SP006,2024-03-23,,27582.15,20180.87,
PAT0642,Jocelyn Barnes,24,Female,420.165.4235,HB005,DOC004,SP006,2024-06-25,2024-07-02,48137.42,23202.66,24934.76
PAT0643,Mr. Richard Sheppard,82,Other,(596)089-3199x25502,HB009,DOC020,SP004,2025-07-01,2025-07-04,3257.51,2904.31,353.2
PAT0644,Charles Lin,79,Female,648-072-7910,HB020,DOC073,SP010,2024-01-21,2024-01-25,13083.79,4129.91,8953.88
PAT0645,Chelsea Horton,11,Other,001-296-353-3905x50448,HB016,DOC018,SP009,2025-05-02,2025-05-10,36176.92,18970.3,17206.62
PAT0646,Melissa Banks,50,Female,665.586.8512x765,HB016,DOC018,SP003,2023-12-20,2023-12-21,21612.28,19046.67,2565.61
PAT0647,Carla Graham,35,Female,649-111-1096x1798,HB008,DOC026,SP004,2023-10-21,,46500.95,41449.86,
PAT0648,Kathy Shaffer,79,Female,+1-463-378-6137x15766,HB011,DOC059,SP004,2023-08-10,2023-08-11,31180.64,24776.05,6404.59
PAT0649,Rachael Romero,41,Female,446-306-0002x589,HB020,DOC074,SP010,2024-04-07,2024-04-08,26991.16,15411.03,11580.13
PAT0650,Tyler Haney,6,Male,863.960.9626,HB017,DOC069,SP007,2025-02-20,2025-02-21,28769.65,17540.17,11229.48
PAT0651,Tanner Holmes,81,Male,(312)819-6482x53110,HB007,DOC038,SP008,2024-07-09,2024-07-14,39136.5,18454.77,20681.73
PAT0652,Randy Hernandez,22,Female,+1-819-602-7523x343,HB010,DOC007,SP009,2024-09-23,2024-10-01,41834.89,23888.51,17946.38
PAT0653,Molly Roman,65,Male,(404)120-9117x9112,HB006,DOC075,SP009,2024-03-11,2024-03-18,17526.12,5519.8,12006.32
PAT0654,Christopher Jones,59,Other,(361)706-1713x665,HB007,DOC059,SP002,2024-12-09,2024-12-12,36481.99,13648.88,22833.11
PAT0655,Rhonda White,15,Other,2990155799,HB015,DOC047,SP002,2024-10-02,2024-10-09,36889.94,32651.83,4238.11
PAT0656,Joseph Scott,79,Male,390-808-8235,HB013,DOC071,SP007,2023-11-02,,10202.48,5112.62,
PAT0657,Alyssa Taylor,85,Male,244-731-5847,HB006,DOC019,SP003,2025-03-05,2025-03-06,22139.92,10753.6,11386.32
PAT0658,Jessica Potts,58,Female,423.461.9942,HB006,DOC016,SP003,2025-04-12,2025-04-13,31882.9,14406.82,17476.08
PAT0659,Nathan Hamilton,59,Female,694.591.9663x955,HB016,DOC070,SP001,2025-07-02,2025-07-10,13418.16,8766.32,4651.84
PAT0660,Amy Jackson,61,Female,8496498560,HB014,DOC057,SP002,2023-11-02,2023-11-03,13746.23,8638.2,5108.03
PAT0661,Frank Gibbs,80,Other,(313)552-5105x053,HB018,DOC027,SP001,2024-07-31,2024-08-01,33357.29,10742.14,22615.15
PAT0662,Erica Hall,5,Other,649-383-1849,HB019,DOC039,SP006,2025-06-21,2025-06-22,7226.61,6476.78,749.83
PAT0663,Megan Berry,21,Other,+1-665-533-0770x4611,HB010,DOC074,SP009,2024-07-21,2024-07-29,37968.07,19595.82,18372.25
PAT0664,Gabriel Reyes,5,Male,001-040-907-4260,HB010,DOC042,SP006,2025-06-30,2025-07-02,38405.22,30954.06,7451.16
PAT0665,Kelsey Rogers,9,Female,1716445561,HB016,DOC018,SP002,2024-10-10,2024-10-15,17802.01,9760.04,8041.97
PAT0666,Katherine Williams,27,Other,771-591-0300x2156,HB007,DOC008,SP002,2024-01-27,2024-02-05,49385.08,29146.97,20238.11
PAT0667,Corey Barrera,89,Other,(800)401-0414x596,HB010,DOC055,SP010,2024-03-01,2024-03-06,27218.78,24415.64,2803.14
PAT0668,Tammy Silva,46,Male,252-967-1883,HB020,DOC073,SP008,2024-10-26,2024-11-03,25640.21,10459.78,15180.43
PAT0669,John Ramirez,79,Male,001-731-441-5833x11703,HB010,DOC025,SP001,2023-08-15,2023-08-23,32022.12,11872.38,20149.74
PAT0670,Julie Cruz,27,Other,153.988.5472x8123,HB014,DOC053,SP001,2025-07-17,2025-07-26,40690.09,17391.06,23299.03
PAT0671,William Parrish,82,Male,363.146.2491x27113,HB010,DOC033,SP002,2023-08-17,2023-08-26,28399.69,21590,6809.69
PAT0672,Chelsea Johnson,15,Other,+1-875-418-1563x26868,HB011,DOC044,SP007,2024-04-20,2024-04-30,48085.42,38431.1,9654.32
PAT0673,Dominic Davis,25,Female,+1-663-436-2948x9786,HB011,DOC062,SP008,2023-10-28,2023-10-31,25111.79,16983.61,8128.18
PAT0674,Maria Haley,69,Female,100.943.1814,HB015,DOC053,SP001,2024-01-27,2024-02-01,29117.25,20583.52,8533.73
PAT0675,Melissa Sullivan,72,Other,(134)732-3549x4012,HB001,DOC027,SP010,2024-08-29,2024-09-04,5178.23,2017.35,3160.88
PAT0676,Lisa Stevenson,4,Female,001-325-122-5720x765,HB013,DOC069,SP003,2023-08-21,2023-08-28,10994.19,4069.02,6925.17
PAT0677,Dennis Jones,40,Other,+1-095-790-7371x00943,HB011,DOC005,SP005,2024-09-15,2024-09-23,44098.34,23061.23,21037.11
PAT0678,Nicole Rowe,39,Male,457-758-4745,HB017,DOC039,SP003,2024-07-26,2024-07-27,39333.94,33355.67,5978.27
PAT0679,Harold Mckinney,57,Other,971.480.2632x57039,HB001,DOC062,SP009,2025-03-02,2025-03-08,46334.56,34262.77,12071.79
PAT0680,Jessica Clark,68,Female,361-487-8245,HB011,DOC019,SP002,2025-06-24,2025-07-03,34482.43,13090.58,21391.85
PAT0681,Kevin Landry,5,Female,430-985-9167x954,HB013,DOC067,SP002,2023-10-29,,46752.19,33298.38,
PAT0682,Kathryn Jennings,77,Male,284.982.4741x407,HB011,DOC060,SP001,2023-09-05,2023-09-10,3079.05,2324.98,754.07
PAT0683,Roger Martinez,82,Male,406.500.4254x8821,HB011,DOC026,SP004,2025-02-08,2025-02-17,17319.19,9779.62,7539.57
PAT0684,Zachary Gonzalez,16,Female,001-143-075-3666,HB005,DOC021,SP005,2025-07-07,2025-07-17,28862.04,10431.47,18430.57
PAT0685,Dean Turner,70,Female,296-592-3426x8344,HB018,DOC041,SP005,2023-10-10,2023-10-15,29555.98,11904.11,17651.87
PAT0686,Timothy Murray,40,Other,(661)287-5857,HB011,DOC070,SP008,2024-05-06,,3391.65,2855.69,
PAT0687,Jason Jenkins,7,Male,8061294398,HB013,DOC007,SP002,2024-05-20,2024-05-23,35824.52,29905.07,5919.45
PAT0688,Joshua Cunningham,81,Other,062-607-8701x0415,HB015,DOC046,SP005,2024-11-08,2024-11-12,36219.14,25444.75,10774.39
PAT0689,Dylan Olson,69,Male,019-803-8287x23244,HB015,DOC073,SP003,2025-02-13,,40512.82,29135.19,
PAT0690,Abigail Washington DDS,13,Female,102-918-1331,HB010,DOC060,SP008,2024-08-06,2024-08-10,8898.64,7451.9,1446.74
PAT0691,Jonathan Myers,34,Female,467-238-4979,HB013,DOC024,SP011,2023-11-08,2023-11-14,23757.59,7558.68,16198.91
PAT0692,Mark Lopez,61,Male,001-328-837-7441x9754,HB012,DOC062,SP008,2024-06-03,2024-06-08,38861.19,25751.92,13109.27
PAT0693,Robert Marshall,17,Other,(204)719-6094x09705,HB004,DOC052,SP002,2023-11-21,2023-11-23,40036.69,24808.63,15228.06
PAT0694,Nathan Hill,52,Other,(588)358-6812,HB014,DOC031,SP010,2024-12-26,2024-12-29,48746.8,25849.93,22896.87
PAT0695,Matthew Hart,44,Male,244.617.6792x988,HB019,DOC056,SP007,2024-02-22,2024-02-28,28137.29,12428.03,15709.26
PAT0696,Fred Moses,85,Other,(996)100-2311x775,HB003,DOC074,SP008,2025-03-17,2025-03-27,24219.6,15332.28,8887.32
PAT0697,Raymond Stark,57,Male,126.610.9410,HB010,DOC052,SP002,2025-05-23,2025-06-02,39024.48,20579.43,18445.05
PAT0698,Jessica Brooks,64,Other,+1-025-176-2983x3477,HB002,DOC012,SP004,2025-01-13,2025-01-23,45356.29,30918.46,14437.83
PAT0699,Curtis Martin,1,Male,319.013.0205x69815,HB005,DOC058,SP009,2023-12-26,2024-01-05,29740.71,12413.77,17326.94
PAT0700,Tina Chandler,88,Female,733.978.5598x21766,HB010,DOC073,SP011,2025-06-13,2025-06-20,36453.98,30952.01,5501.97
